alert_id,facility_id,ward,vital_name,value,unit,severity,attended_by,creation_time,opened_at,acknowledged_at
ALT00927,F003,General,HeartRate,92.5,bpm,Low,Nurse_Smitha,2026-06-20 14:44:56,2026-06-20 14:48:22,2026-06-20 14:59:20
ALT00631,F001,CCU,SpO2,91.0,%,Medium,Nurse_Latha,2026-06-24 12:57:03,2026-06-24 13:04:13,2026-06-24 13:36:58
ALT00683,F002,ICU,RespiratoryRate,9.7,rpm,Medium,Nurse_Nandini,2026-02-23 20:33:03,2026-02-23 20:35:19,2026-02-23 20:53:32
ALT00515,F001,CCU,Temperature,35.5,C,Medium,Nurse_Deepa,2026-01-25 06:09:42,2026-01-25 06:14:38,2026-01-25 06:54:18
ALT00366,F002,ICU,SpO2,92.7,%,Medium,Nurse_Usha,2026-03-18 22:53:05,2026-03-18 23:01:04,2026-03-18 23:28:41
ALT00656,F001,CCU,HeartRate,48.5,bpm,Medium,Nurse_Saritha,2026-02-26 12:14:53,2026-02-26 12:23:09,2026-02-26 12:40:06
ALT00657,F003,General,BloodPressure,130.2,mmHg,Low,Nurse_Smitha,2026-01-15 01:54:45,2026-01-15 01:59:39,2026-01-15 02:05:17
ALT00530,F001,ICU,SpO2,97.6,%,Low,Nurse_Priya,2026-03-16 23:28:40,2026-03-16 23:31:56,2026-03-16 23:38:08
ALT00322,F001,General,HeartRate,71.8,bpm,Low,Nurse_Sunita,2026-05-14 14:23:12,2026-05-14 14:31:52,2026-05-14 14:53:20
ALT00071,F002,ICU,Temperature,35.6,C,Medium,Nurse_Bindhu,2026-02-11 04:57:12,2026-02-11 04:58:23,2026-02-11 05:30:09
ALT00891,F003,General,Temperature,42.8,C,Low,Nurse_Smitha,2026-02-08 23:27:57,2026-02-08 23:29:42,
ALT00372,F002,General,HeartRate,66.4,bpm,Low,Nurse_Geetha,2026-03-16 06:40:02,2026-03-16 06:43:01,2026-03-16 07:17:14
ALT00768,F001,General,HeartRate,67.7,bpm,Low,Nurse_Anita,2026-01-02 02:06:15,2026-01-02 02:12:58,2026-01-02 02:22:55
ALT00457,F002,ICU,RespiratoryRate,19.4,rpm,Low,Nurse_Bindhu,2026-01-13 21:30:07,2026-01-13 21:31:55,2026-01-13 22:00:26
ALT00248,F002,General,BloodPressure,118.1,mmHg,Low,Nurse_Geetha,2026-05-24 15:52:43,2026-05-24 16:01:10,
ALT00612,F002,General,SpO2,98.2,%,Low,Nurse_Geetha,2026-04-21 15:12:23,2026-04-21 15:20:28,2026-04-21 15:54:52
ALT00706,F002,General,RespiratoryRate,16.8,rpm,Low,Nurse_Renu,2026-01-23 05:09:19,2026-01-23 05:13:48,2026-01-23 05:48:10
ALT00980,F001,ICU,SpO2,96.4,%,Low,Nurse_Meena,2026-04-20 23:47:36,2026-04-20 23:52:05,2026-04-21 00:10:17
ALT00299,F001,ICU,SpO2,86.1,%,Medium,Nurse_Meena,2026-02-22 06:19:31,2026-02-22 06:28:35,2026-02-22 06:42:51
ALT00102,F003,General,Temperature,36.3,C,Low,Nurse_Vijaya,2026-06-04 07:34:52,2026-06-04 07:41:49,2026-06-04 07:47:43
ALT00961,F001,CCU,SpO2,96.4,%,Low,Nurse_Latha,2026-02-13 23:34:44,2026-02-13 23:38:21,2026-02-13 23:46:51
ALT00606,F002,General,SpO2,83.9,%,Medium,Nurse_Padma,2026-03-24 22:42:53,2026-03-24 22:50:15,
ALT00214,F001,CCU,RespiratoryRate,30.9,rpm,High,Nurse_Latha,2026-04-29 14:01:54,2026-04-29 14:09:41,2026-04-29 14:39:37
ALT00238,F002,ICU,HeartRate,51.8,bpm,Medium,Nurse_Usha,2026-01-31 07:20:32,2026-01-31 07:29:20,2026-01-31 08:07:38
ALT00594,F001,CCU,RespiratoryRate,28.5,rpm,High,Nurse_Saritha,2026-01-06 23:17:57,2026-01-06 23:20:24,2026-01-06 23:42:55
ALT00282,F002,ICU,RespiratoryRate,19.3,rpm,Low,Nurse_Nandini,2026-05-21 22:50:34,2026-05-21 22:56:05,2026-05-21 23:14:40
ALT00378,F001,ICU,SpO2,97.8,%,Low,Nurse_Meena,2026-04-24 16:37:35,2026-04-24 16:40:30,2026-04-24 16:46:47
ALT00287,F002,ICU,HeartRate,46.1,bpm,Medium,Nurse_Nandini,2026-05-10 01:10:14,2026-05-10 01:11:25,2026-05-10 01:36:57
ALT00389,F001,General,HeartRate,45.0,bpm,Medium,Nurse_Anita,2026-01-26 07:39:59,2026-01-26 07:47:30,2026-01-26 08:04:29
ALT00884,F003,General,BloodPressure,127.3,mmHg,Low,Nurse_Vijaya,2026-01-17 14:10:20,2026-01-17 14:14:31,2026-01-17 14:22:01
ALT00718,F001,General,HeartRate,78.1,bpm,Low,Nurse_Sunita,2026-06-05 14:59:50,2026-06-05 15:05:01,2026-06-05 15:25:00
ALT00794,F003,Pediatric,HeartRate,85.8,bpm,Low,Nurse_Lakshmi,2026-06-17 17:17:21,2026-06-17 17:21:45,2026-06-17 17:51:52
ALT00097,F001,ICU,RespiratoryRate,26.4,rpm,High,Nurse_Priya,2026-02-24 06:15:18,2026-02-24 06:20:22,2026-02-24 06:48:51
ALT00245,F003,General,BloodPressure,83.7,mmHg,Medium,Nurse_Vijaya,2026-06-15 09:04:51,2026-06-15 09:13:38,2026-06-15 09:27:23
ALT00747,F001,ICU,BloodPressure,128.1,mmHg,Low,Nurse_Kavitha,2026-03-19 19:06:24,2026-03-19 19:15:52,2026-03-19 19:41:25
ALT00077,F002,ICU,BloodPressure,118.2,mmHg,Low,Nurse_Usha,2026-05-30 23:18:30,2026-05-30 23:27:01,2026-05-31 00:06:19
ALT00934,F002,General,HeartRate,75.9,bpm,Low,Nurse_Padma,2026-01-22 14:27:08,2026-01-22 14:32:01,2026-01-22 14:48:42
ALT00210,F003,General,Temperature,36.5,C,Low,Nurse_Smitha,2026-04-05 22:33:41,2026-04-05 22:41:51,2026-04-05 22:49:36
ALT00260,F001,ICU,SpO2,90.0,%,Medium,Nurse_Priya,2026-06-20 14:40:51,2026-06-20 14:45:40,2026-06-20 15:04:44
ALT00159,F001,CCU,RespiratoryRate,8.1,rpm,Medium,Nurse_Latha,2026-06-12 22:02:37,2026-06-12 22:04:02,2026-06-12 22:31:29
ALT00496,F001,CCU,Temperature,36.2,C,Low,Nurse_Saritha,2026-02-01 06:49:18,2026-02-01 06:54:51,2026-02-01 07:27:49
ALT00527,F002,ICU,Temperature,36.0,C,Medium,Nurse_Usha,2026-06-06 15:24:59,2026-06-06 15:32:08,2026-06-06 15:38:34
ALT00332,F002,ICU,HeartRate,80.8,bpm,Low,Nurse_Usha,2026-05-04 15:42:48,2026-05-04 15:49:25,2026-05-04 16:18:56
ALT00953,F002,General,RespiratoryRate,2.0,rpm,Low,Nurse_Padma,2026-01-18 23:20:09,2026-01-18 23:24:22,2026-01-18 23:41:46
ALT00315,F001,ICU,Temperature,36.8,C,Low,Nurse_Meena,2026-02-01 04:13:36,2026-02-01 04:23:05,2026-02-01 04:53:02
ALT00295,F003,Pediatric,SpO2,94.9,%,Low,Nurse_Lakshmi,2026-02-27 08:51:25,2026-02-27 08:55:48,2026-02-27 09:26:25
ALT00382,F001,CCU,HeartRate,96.7,bpm,Low,Nurse_Deepa,2026-04-04 05:15:51,2026-04-04 05:24:47,2026-04-04 05:31:10
ALT00921,F001,CCU,SpO2,97.8,%,Low,Nurse_Latha,2026-01-14 11:14:25,2026-01-14 11:18:17,2026-01-14 11:34:29
ALT00804,F003,General,SpO2,92.9,%,Medium,Nurse_Hema,2026-04-28 22:06:53,2026-04-28 22:09:12,2026-04-28 22:47:28
ALT00955,F001,CCU,RespiratoryRate,12.0,rpm,Low,Nurse_Latha,2026-06-08 15:08:07,2026-06-08 15:16:23,2026-06-08 15:52:00
ALT00622,F001,CCU,SpO2,72.3,%,High,Nurse_Latha,2026-06-17 22:49:52,2026-06-17 22:58:49,2026-06-17 23:12:09
ALT00719,F001,CCU,RespiratoryRate,12.8,rpm,Low,Nurse_Latha,2026-05-21 14:37:13,2026-05-21 14:43:35,2026-05-21 14:50:57
ALT00060,F001,General,SpO2,96.8,%,Low,Nurse_Anita,2026-02-13 19:04:41,2026-02-13 19:08:47,2026-02-13 19:48:40
ALT00626,F001,CCU,Temperature,37.0,C,Low,Nurse_Deepa,2026-02-15 23:44:10,2026-02-15 23:46:15,2026-02-16 00:21:36
ALT00559,F003,General,HeartRate,58.0,bpm,Medium,Nurse_Vijaya,2026-03-31 06:44:52,2026-03-31 06:47:04,
ALT00784,F001,General,Temperature,42.8,C,Low,Nurse_Sunita,2026-04-30 18:11:32,2026-04-30 18:19:39,2026-04-30 18:37:48
ALT00381,F001,CCU,HeartRate,121.6,bpm,High,Nurse_Latha,2026-06-06 23:30:59,2026-06-06 23:38:50,2026-06-06 23:51:56
ALT00055,F001,CCU,RespiratoryRate,15.4,rpm,Low,Nurse_Saritha,2026-04-30 23:21:19,2026-04-30 23:26:44,2026-04-30 23:46:54
ALT00024,F001,ICU,BloodPressure,111.2,mmHg,Low,Nurse_Meena,2026-06-05 22:15:32,2026-06-05 22:17:16,2026-06-05 22:45:16
ALT00031,F003,General,RespiratoryRate,17.5,rpm,Low,Nurse_Vijaya,2026-01-23 06:57:52,2026-01-23 07:04:52,2026-01-23 07:22:15
ALT00877,F001,ICU,SpO2,98.9,%,Low,Nurse_Kavitha,2026-02-03 06:15:11,2026-02-03 06:21:16,2026-02-03 06:46:00
ALT00430,F001,ICU,SpO2,95.9,%,Low,Nurse_Kavitha,2026-03-17 15:26:59,2026-03-17 15:34:15,2026-03-17 15:40:22
ALT00011,F003,Pediatric,SpO2,97.6,%,Low,Nurse_Divya,2026-03-03 07:29:28,2026-03-03 07:36:57,2026-03-03 08:15:58
ALT00817,F002,General,Temperature,37.2,C,Low,Nurse_Geetha,2026-02-26 22:40:35,2026-02-26 22:43:49,2026-02-26 22:58:16
ALT00810,F002,General,SpO2,81.6,%,Medium,Nurse_Geetha,2026-04-04 23:52:10,2026-04-04 23:59:56,2026-04-05 00:38:44
ALT00483,F002,General,RespiratoryRate,16.4,rpm,Low,Nurse_Padma,2026-01-15 07:01:45,2026-01-15 07:08:19,2026-01-15 07:32:50
ALT00446,F002,General,RespiratoryRate,26.7,rpm,High,Nurse_Renu,2026-03-24 13:40:22,2026-03-24 13:43:00,2026-03-24 14:02:03
ALT00200,F002,ICU,HeartRate,153.9,bpm,High,Nurse_Nandini,2026-02-13 23:05:55,2026-02-13 23:07:45,2026-02-13 23:38:07
ALT00501,F001,General,RespiratoryRate,14.0,rpm,Low,Nurse_Anita,2026-02-27 23:51:17,2026-02-27 23:52:55,2026-02-28 00:19:23
ALT00774,F003,Pediatric,BloodPressure,122.3,mmHg,Low,Nurse_Pooja,2026-03-30 02:51:38,2026-03-30 02:52:59,2026-03-30 03:30:15
ALT00108,F002,General,HeartRate,66.1,bpm,Low,Nurse_Renu,2026-01-18 23:16:14,2026-01-18 23:25:33,2026-01-18 23:32:54
ALT00219,F001,General,SpO2,97.8,%,Low,Nurse_Sunita,2026-01-17 11:22:05,2026-01-17 11:24:00,2026-01-17 11:32:04
ALT00421,F002,ICU,BloodPressure,114.7,mmHg,Low,Nurse_Bindhu,2026-05-19 06:06:00,2026-05-19 06:07:00,2026-05-30 03:11:14
ALT00175,F002,General,Temperature,36.7,C,Low,Nurse_Padma,2026-03-28 23:17:02,2026-03-28 23:22:56,2026-03-28 23:59:17
ALT00721,F001,General,SpO2,98.4,%,Low,Nurse_Anita,2026-06-22 18:04:57,2026-06-22 18:12:56,2026-06-22 18:23:05
ALT00520,F002,General,RespiratoryRate,19.2,rpm,Low,Nurse_Renu,2026-01-10 06:30:05,2026-01-10 06:36:15,2026-01-10 06:52:51
ALT00454,F001,CCU,RespiratoryRate,17.4,rpm,Low,Nurse_Deepa,2026-02-28 19:54:45,2026-02-28 20:04:44,2026-02-28 20:43:43
ALT00930,F003,General,RespiratoryRate,12.1,rpm,Low,Nurse_Hema,2026-01-15 01:01:56,2026-01-15 01:04:52,2026-01-15 01:38:31
ALT00040,F003,General,HeartRate,92.7,bpm,Low,Nurse_Hema,2026-01-16 23:39:00,2026-01-16 23:46:45,2026-01-17 00:15:18
ALT00552,F001,CCU,Temperature,36.2,C,Low,Nurse_Deepa,2026-06-16 06:31:03,2026-06-16 06:34:10,2026-06-16 06:54:44
ALT00820,F002,General,HeartRate,90.1,bpm,Low,Nurse_Renu,2026-02-18 06:10:11,2026-02-18 06:12:48,2026-02-18 06:46:01
ALT00352,F001,CCU,Temperature,39.8,C,High,Nurse_Latha,2026-06-04 22:15:23,2026-06-04 22:18:12,2026-06-04 22:45:02
ALT00067,F001,ICU,BloodPressure,110.1,mmHg,Low,Nurse_Kavitha,2026-04-29 07:35:58,2026-04-29 07:41:01,2026-04-29 08:06:48
ALT00278,F001,General,BloodPressure,127.6,mmHg,Low,Nurse_Rekha,2026-05-04 12:45:08,2026-05-04 12:54:23,2026-05-04 13:02:01
ALT00068,F001,CCU,HeartRate,151.5,bpm,High,Nurse_Saritha,2026-05-07 23:14:22,2026-05-07 23:21:00,2026-05-07 23:49:08
ALT00907,F003,Pediatric,Temperature,36.1,C,Low,Nurse_Divya,2026-01-29 06:05:34,2026-01-29 06:13:30,2026-01-29 06:23:52
ALT00915,F001,CCU,SpO2,96.0,%,Low,Nurse_Latha,2026-04-28 15:27:50,2026-04-28 15:30:34,2026-04-28 15:41:37
ALT00945,F003,Pediatric,Temperature,36.4,C,Low,Nurse_Lakshmi,2026-05-14 15:40:26,2026-05-14 15:47:04,2026-05-14 16:11:09
ALT00297,F001,ICU,BloodPressure,101.2,mmHg,Medium,Nurse_Kavitha,2026-02-06 23:35:41,2026-02-06 23:32:41,2026-02-06 23:53:55
ALT00619,F001,General,SpO2,98.5,%,Low,Nurse_Rekha,2026-03-29 08:51:06,2026-03-29 08:53:55,2026-03-29 09:08:28
ALT00599,F001,General,RespiratoryRate,10.8,rpm,Medium,Nurse_Sunita,2026-06-04 05:15:45,2026-06-04 05:20:03,2026-06-04 05:25:30
ALT00905,F003,General,BloodPressure,103.2,mmHg,Medium,Nurse_Hema,2026-06-25 23:25:41,2026-06-25 23:31:53,2026-06-25 23:41:24
ALT00849,F002,ICU,RespiratoryRate,14.4,rpm,Low,Nurse_Usha,2026-03-23 23:30:18,2026-03-23 23:33:17,2026-03-24 00:03:04
ALT00424,F002,General,RespiratoryRate,15.3,rpm,Low,Nurse_Padma,2026-03-28 06:28:06,2026-03-28 06:30:31,2026-03-28 06:35:53
ALT00758,F001,ICU,SpO2,98.8,%,Low,Nurse_Kavitha,2026-05-28 16:40:28,2026-05-28 16:42:21,2026-05-28 17:16:35
ALT00313,F002,General,BloodPressure,100.0,mmHg,Medium,Nurse_Padma,2026-01-30 10:22:43,2026-01-30 10:26:17,2026-01-30 10:44:49
ALT00185,F001,General,RespiratoryRate,2.0,rpm,Low,Nurse_Anita,2026-02-12 12:49:37,2026-02-12 12:56:48,2026-02-12 13:34:06
ALT00333,F003,General,HeartRate,70.5,bpm,Low,Nurse_Vijaya,2026-01-21 07:38:03,2026-01-21 07:43:45,
ALT00089,F001,General,SpO2,98.2,%,Low,Nurse_Anita,2026-02-23 06:10:07,2026-02-23 06:14:41,2026-02-23 06:19:58
ALT00064,F001,General,SpO2,74.3,%,High,Nurse_Rekha,2026-03-28 06:16:43,2026-03-28 06:17:43,2026-04-12 15:32:20
ALT00831,F001,ICU,SpO2,94.6,%,Low,Nurse_Kavitha,2026-03-30 22:57:21,2026-03-30 23:02:44,2026-03-30 23:13:11
ALT00577,F003,General,Temperature,36.0,C,Medium,Nurse_Smitha,2026-01-16 01:06:24,2026-01-16 01:16:11,2026-01-16 01:34:59
ALT00216,F003,General,SpO2,94.4,%,Low,Nurse_Hema,2026-05-15 06:27:20,2026-05-15 06:33:47,2026-05-15 07:00:16
ALT00605,F001,General,HeartRate,90.6,bpm,Low,Nurse_Rekha,2026-04-01 22:34:48,2026-04-01 22:44:43,2026-04-01 23:20:31
ALT00549,F002,ICU,RespiratoryRate,13.5,rpm,Low,Nurse_Usha,2026-05-29 15:00:32,2026-05-29 15:10:25,2026-05-29 15:49:36
ALT00291,F002,ICU,Temperature,36.8,C,Low,Nurse_Usha,2026-02-27 06:41:49,2026-02-27 06:43:45,2026-02-27 07:06:07
ALT00788,F002,ICU,HeartRate,40.3,bpm,Medium,Nurse_Bindhu,2026-06-27 12:18:13,2026-06-27 12:22:27,2026-06-27 12:29:03
ALT00888,F001,ICU,SpO2,97.2,%,Low,Nurse_Priya,2026-03-11 06:22:24,,2026-03-11 06:52:46
ALT00965,F001,ICU,RespiratoryRate,8.4,rpm,Medium,Nurse_Kavitha,2026-04-29 15:45:56,2026-04-29 15:53:59,2026-04-29 16:22:02
ALT00943,F001,CCU,SpO2,91.7,%,Medium,Nurse_Saritha,2026-06-10 10:43:43,2026-06-10 10:50:05,2026-06-10 10:59:02
ALT00742,F002,General,Temperature,35.5,C,Medium,Nurse_Padma,2026-02-10 15:48:10,2026-02-10 15:52:06,2026-02-10 15:57:55
ALT00979,F001,ICU,BloodPressure,119.1,mmHg,Low,Nurse_Priya,2026-01-07 23:22:32,2026-01-07 23:31:11,2026-01-08 00:10:11
ALT00695,F001,ICU,HeartRate,63.6,bpm,Low,Nurse_Kavitha,2026-03-20 22:20:54,2026-03-20 22:30:43,2026-03-20 22:54:41
ALT00991,F003,Pediatric,Temperature,36.9,C,Low,Nurse_Divya,2026-06-17 22:29:55,2026-06-17 22:37:50,2026-06-17 22:51:56
ALT00310,F002,General,BloodPressure,114.8,mmHg,Low,Nurse_Renu,2026-06-06 02:15:22,2026-06-06 02:19:10,2026-06-06 02:41:55
ALT00087,F002,General,SpO2,95.4,%,Low,Nurse_Padma,2026-05-01 00:45:06,2026-05-01 00:51:01,2026-05-01 00:58:37
ALT00729,F001,ICU,HeartRate,9.0,bpm,High,Nurse_Meena,2026-06-25 21:04:47,2026-06-25 21:06:23,2026-06-25 21:16:26
ALT00517,F001,ICU,Temperature,35.7,C,Medium,Nurse_Priya,2026-03-18 15:54:51,2026-03-18 15:58:17,2026-03-18 16:35:43
ALT00311,F003,General,SpO2,83.2,%,Medium,Nurse_Smitha,2026-02-04 16:44:17,2026-02-04 16:49:23,2026-02-04 17:26:31
ALT00537,F002,ICU,HeartRate,42.3,bpm,Medium,Nurse_Usha,2026-02-10 23:52:30,2026-02-10 23:58:19,2026-02-11 00:38:01
ALT00137,F001,ICU,RespiratoryRate,9.0,rpm,Medium,Nurse_Kavitha,2026-02-10 06:53:26,2026-02-10 06:55:45,2026-02-10 07:02:06
ALT00922,F003,Pediatric,SpO2,95.6,%,Low,Nurse_Lakshmi,2026-06-28 06:28:19,2026-06-28 06:32:45,2026-06-28 06:57:56
ALT00466,F003,General,RespiratoryRate,13.1,rpm,Low,Nurse_Hema,2026-06-20 14:57:58,2026-06-20 15:05:32,2026-06-20 15:28:46
ALT00846,F003,Pediatric,BloodPressure,162.0,mmHg,High,Nurse_Pooja,2026-03-22 17:26:35,2026-03-22 17:31:21,
ALT00262,F002,General,RespiratoryRate,14.0,rpm,Low,Nurse_Renu,2026-03-20 17:56:22,2026-03-20 18:05:42,2026-03-20 18:14:45
ALT00487,F002,General,SpO2,94.5,%,Low,Nurse_Padma,2026-04-05 23:13:04,2026-04-05 23:20:38,2026-04-05 23:47:39
ALT00169,F002,General,BloodPressure,131.3,mmHg,Low,Nurse_Renu,2026-03-02 13:07:59,2026-03-02 13:11:41,2026-03-02 13:45:14
ALT00829,F001,ICU,HeartRate,145.7,bpm,High,Nurse_Meena,2026-04-24 14:59:56,2026-04-24 15:08:22,2026-04-24 15:14:36
ALT00448,F003,Pediatric,RespiratoryRate,18.0,rpm,Low,Nurse_Divya,2026-02-13 15:49:17,2026-02-13 15:53:31,2026-02-13 16:14:21
ALT00140,F002,ICU,Temperature,36.8,C,Low,Nurse_Usha,2026-04-03 07:18:23,2026-04-03 07:21:33,2026-04-03 07:41:08
ALT00740,F001,ICU,Temperature,35.3,C,Medium,Nurse_Meena,2026-04-16 15:46:20,2026-04-16 15:48:06,
ALT00665,F002,ICU,HeartRate,83.5,bpm,Low,Nurse_Nandini,2026-05-11 15:14:24,2026-05-11 15:21:34,2026-05-11 15:58:50
ALT00854,F001,CCU,SpO2,102.5,%,Low,Nurse_Latha,2026-05-26 09:24:23,2026-05-26 09:31:55,2026-05-26 09:49:49
ALT00441,F002,General,RespiratoryRate,18.7,rpm,Low,Nurse_Padma,2026-04-26 22:42:17,2026-04-26 22:44:27,2026-04-26 23:20:02
ALT00147,F001,General,HeartRate,77.8,bpm,Low,Nurse_Anita,2026-02-23 23:27:57,2026-02-23 23:32:53,2026-02-24 00:03:20
ALT00532,F003,General,HeartRate,145.6,bpm,High,Nurse_Smitha,2026-05-06 15:42:25,2026-05-06 15:51:43,2026-05-06 16:06:23
ALT00056,F003,Pediatric,HeartRate,92.3,bpm,Low,Nurse_Divya,2026-01-28 22:41:18,2026-01-28 22:47:08,2026-01-28 23:09:04
ALT00121,F001,General,RespiratoryRate,8.7,rpm,Medium,Nurse_Rekha,2026-05-11 22:16:39,2026-05-11 22:18:58,2026-05-11 22:30:53
ALT00529,F003,General,HeartRate,87.1,bpm,Low,Nurse_Hema,2026-05-01 22:33:50,2026-05-01 22:43:47,2026-05-01 22:59:45
ALT00026,F001,CCU,BloodPressure,138.0,mmHg,Low,Nurse_Latha,2026-06-29 07:32:11,2026-06-29 07:41:07,2026-06-29 08:16:54
ALT00073,F002,General,HeartRate,86.5,bpm,Low,Nurse_Renu,2026-01-19 15:44:17,2026-01-19 15:48:53,2026-01-19 16:20:30
ALT00045,F002,ICU,BloodPressure,117.2,mmHg,Low,Nurse_Usha,2026-02-19 21:59:06,2026-02-19 22:04:03,2026-02-19 22:34:02
ALT00250,F001,General,BloodPressure,129.5,mmHg,Low,Nurse_Sunita,2026-06-28 23:58:28,2026-06-29 00:00:54,2026-06-29 00:38:32
ALT00395,F002,General,HeartRate,68.1,bpm,Low,Nurse_Renu,2026-03-18 14:43:09,2026-03-18 14:49:07,2026-03-18 15:13:38
ALT00913,F001,CCU,HeartRate,127.7,bpm,High,Nurse_Latha,2026-04-09 23:16:20,2026-04-09 23:17:36,2026-04-09 23:23:24
ALT00899,F001,ICU,BloodPressure,121.4,mmHg,Low,Nurse_Kavitha,2026-03-19 22:10:01,2026-03-19 22:18:38,2026-03-19 22:47:44
ALT00746,F001,General,HeartRate,76.7,bpm,Low,Nurse_Rekha,2026-03-12 09:34:29,2026-03-12 09:35:29,2026-04-02 14:20:52
ALT00199,F001,General,HeartRate,42.7,bpm,Medium,Nurse_Sunita,2026-05-16 07:19:39,2026-05-16 07:24:49,2026-05-16 07:31:50
ALT00815,F001,General,RespiratoryRate,12.7,rpm,Low,Nurse_Rekha,2026-03-10 17:17:58,2026-03-10 17:18:58,2026-04-02 14:20:52
ALT00356,F001,General,SpO2,97.4,%,Low,Nurse_Sunita,2026-05-16 15:06:33,2026-05-16 15:12:36,2026-05-16 15:25:27
ALT00324,F001,CCU,BloodPressure,112.4,mmHg,Low,Nurse_Saritha,2026-01-26 18:43:42,2026-01-26 18:47:41,2026-01-26 19:27:13
ALT00875,F001,CCU,SpO2,97.3,%,Low,Nurse_Latha,2026-04-19 23:29:37,2026-04-19 23:34:15,2026-04-19 23:52:34
ALT00826,F001,ICU,RespiratoryRate,15.4,rpm,Low,Nurse_Meena,2026-02-04 05:35:41,2026-02-04 05:41:30,2026-02-04 05:58:34
ALT00236,F002,ICU,RespiratoryRate,10.4,rpm,Medium,Nurse_Nandini,2026-03-05 07:52:29,2026-03-05 08:01:45,2026-03-05 08:27:24
ALT00579,F002,ICU,HeartRate,77.7,bpm,Low,Nurse_Usha,2026-06-09 19:19:01,2026-06-09 19:21:29,2026-06-09 19:51:58
ALT00946,F003,General,BloodPressure,138.4,mmHg,Low,Nurse_Vijaya,2026-06-13 14:25:50,2026-06-13 14:29:19,2026-06-13 14:41:00
ALT00940,F001,General,HeartRate,74.1,bpm,Low,Nurse_Sunita,2026-01-31 17:31:56,2026-01-31 17:37:12,2026-01-31 17:42:14
ALT00904,F003,Pediatric,SpO2,90.7,%,Medium,Nurse_Lakshmi,2026-01-03 14:53:23,2026-01-03 14:59:47,2026-01-03 15:16:31
ALT00300,F001,General,RespiratoryRate,13.8,rpm,Low,Nurse_Rekha,2026-03-08 14:28:54,2026-03-08 14:32:19,2026-03-08 14:39:29
ALT00061,F001,General,RespiratoryRate,17.9,rpm,Low,Nurse_Rekha,2026-02-25 23:12:40,2026-02-25 23:22:14,2026-02-25 23:51:23
ALT00328,F001,ICU,RespiratoryRate,14.7,rpm,Low,Nurse_Priya,2026-02-23 23:33:01,2026-02-23 23:42:00,2026-02-24 00:21:51
ALT00528,F002,General,BloodPressure,118.0,mmHg,Low,Nurse_Renu,2026-06-15 05:56:29,,2026-06-15 06:26:16
ALT00600,F002,General,RespiratoryRate,15.2,rpm,Low,Nurse_Padma,2026-04-05 01:54:05,2026-04-05 02:01:20,2026-04-05 02:40:33
ALT00542,F003,General,BloodPressure,114.2,mmHg,Low,Nurse_Hema,2026-04-15 06:46:24,2026-04-15 06:53:17,2026-04-15 07:14:47
ALT00650,F001,ICU,HeartRate,126.2,bpm,High,Nurse_Priya,2026-03-11 23:48:57,2026-03-11 23:52:38,2026-03-12 00:25:40
ALT00771,F001,General,HeartRate,66.2,bpm,Low,Nurse_Rekha,2026-03-18 02:03:07,2026-03-18 02:12:42,2026-03-18 02:34:34
ALT00597,F003,Pediatric,SpO2,71.1,%,High,Nurse_Pooja,2026-02-08 06:48:49,2026-02-08 06:50:48,2026-02-08 07:00:34
ALT00543,F001,CCU,BloodPressure,133.8,mmHg,Low,Nurse_Latha,2026-01-24 06:57:22,,2026-01-24 07:13:27
ALT00782,F001,ICU,RespiratoryRate,19.9,rpm,Low,Nurse_Priya,2026-05-15 23:38:09,2026-05-15 23:47:00,2026-05-16 00:07:25
ALT00306,F003,General,RespiratoryRate,14.8,rpm,Low,Nurse_Smitha,2026-04-12 14:55:37,2026-04-12 15:00:19,
ALT00319,F003,Pediatric,Temperature,36.4,C,Low,Nurse_Divya,2026-02-27 06:41:37,2026-02-27 06:50:47,
ALT00482,F002,General,SpO2,102.5,%,Low,Nurse_Geetha,2026-03-24 13:20:10,2026-03-24 13:29:07,2026-03-24 13:42:26
ALT00494,F003,Pediatric,HeartRate,145.1,bpm,High,Nurse_Lakshmi,2026-06-24 06:21:45,2026-06-24 06:30:20,
ALT00266,F001,ICU,HeartRate,94.3,bpm,Low,Nurse_Meena,2026-05-02 23:32:00,2026-05-02 23:33:07,2026-05-02 23:39:44
ALT00111,F002,ICU,SpO2,95.1,%,Low,Nurse_Bindhu,2026-03-05 06:48:32,2026-03-05 06:53:24,
ALT00469,F003,General,SpO2,98.2,%,Low,Nurse_Vijaya,2026-01-13 23:07:23,2026-01-13 23:09:42,2026-01-13 23:15:44
ALT00737,F001,ICU,SpO2,97.4,%,Low,Nurse_Priya,2026-01-22 22:12:58,2026-01-22 22:16:13,2026-01-22 22:47:18
ALT00526,F003,General,RespiratoryRate,10.3,rpm,Medium,Nurse_Smitha,2026-01-31 14:30:01,2026-01-31 14:35:48,2026-01-31 14:54:06
ALT00257,F001,CCU,BloodPressure,121.8,mmHg,Low,Nurse_Saritha,2026-02-06 23:31:31,2026-02-06 23:38:20,2026-02-07 00:10:46
ALT00261,F002,ICU,RespiratoryRate,14.6,rpm,Low,Nurse_Nandini,2026-01-16 07:51:21,2026-01-16 07:57:38,2026-01-16 08:29:21
ALT00545,F002,General,BloodPressure,103.0,mmHg,Medium,Nurse_Geetha,2026-06-25 07:20:10,2026-06-25 07:28:02,2026-06-25 07:53:48
ALT00406,F001,CCU,SpO2,95.1,%,Low,Nurse_Latha,2026-05-28 07:30:33,2026-05-28 07:36:43,2026-05-28 07:48:07
ALT00429,F001,ICU,SpO2,102.5,%,Low,Nurse_Meena,2026-01-04 23:36:19,2026-01-04 23:41:16,2026-01-04 23:46:33
ALT00629,F002,ICU,HeartRate,92.5,bpm,Low,Nurse_Bindhu,2026-05-06 14:26:34,2026-05-06 14:27:34,2026-05-30 03:11:15
ALT00502,F002,ICU,HeartRate,62.2,bpm,Low,Nurse_Bindhu,2026-03-26 17:34:39,2026-03-26 17:35:39,2026-03-26 17:35:41
ALT00433,F001,General,SpO2,87.1,%,Medium,Nurse_Rekha,2026-01-29 13:12:05,,2026-02-05 14:30:09
ALT00732,F002,General,HeartRate,150.0,bpm,High,Nurse_Renu,2026-04-21 15:48:34,2026-04-21 15:52:56,2026-04-21 16:16:05
ALT00138,F002,ICU,BloodPressure,160.6,mmHg,High,Nurse_Usha,2026-03-26 10:33:20,2026-03-26 10:24:20,2026-03-26 10:46:31
ALT00358,F002,ICU,HeartRate,56.5,bpm,Medium,Nurse_Usha,2026-02-15 05:47:37,2026-02-15 05:56:05,2026-02-15 06:32:59
ALT00929,F002,General,SpO2,95.3,%,Low,Nurse_Renu,2026-03-30 23:30:54,2026-03-30 23:34:34,2026-03-30 23:42:28
ALT00222,F002,General,HeartRate,49.4,bpm,Medium,Nurse_Geetha,2026-03-07 00:03:34,2026-03-07 00:10:07,2026-03-07 00:31:09
ALT00754,F002,General,RespiratoryRate,9.3,rpm,Medium,Nurse_Geetha,2026-01-15 20:36:36,2026-01-15 20:41:50,2026-01-15 20:56:36
ALT00595,F001,CCU,Temperature,36.3,C,Low,Nurse_Deepa,2026-01-18 06:33:11,2026-01-18 06:36:43,2026-01-18 07:13:17
ALT00558,F003,General,SpO2,76.6,%,High,Nurse_Hema,2026-06-11 06:02:51,2026-06-11 06:08:24,2026-06-11 06:28:18
ALT00364,F003,General,HeartRate,80.7,bpm,Low,Nurse_Vijaya,2026-02-16 04:28:16,2026-02-16 04:36:12,
ALT00524,F002,ICU,SpO2,94.2,%,Low,Nurse_Nandini,2026-05-21 07:51:10,2026-05-21 08:01:02,2026-05-21 08:39:53
ALT00209,F001,CCU,HeartRate,120.7,bpm,High,Nurse_Saritha,2026-01-03 14:34:46,2026-01-03 14:43:05,2026-01-03 15:11:40
ALT00779,F001,General,RespiratoryRate,8.3,rpm,Medium,Nurse_Anita,2026-03-16 02:09:03,2026-03-16 02:15:46,2026-03-16 02:47:57
ALT00335,F002,ICU,RespiratoryRate,31.4,rpm,High,Nurse_Usha,2026-01-14 12:12:29,2026-01-14 12:17:36,2026-01-14 12:56:48
ALT00211,F002,ICU,BloodPressure,99.0,mmHg,Medium,Nurse_Usha,2026-02-10 15:42:11,2026-02-10 15:50:55,2026-02-10 16:22:30
ALT00351,F001,CCU,RespiratoryRate,13.1,rpm,Low,Nurse_Latha,2026-05-18 14:18:30,2026-05-18 14:23:13,2026-05-18 14:52:43
ALT00079,F001,ICU,Temperature,36.8,C,Low,Nurse_Kavitha,2026-05-11 16:32:24,2026-05-11 16:41:12,2026-05-11 17:01:49
ALT00030,F002,General,Temperature,36.2,C,Low,Nurse_Geetha,2026-05-14 15:35:03,2026-05-14 15:43:59,2026-05-14 16:20:38
ALT00281,F001,General,RespiratoryRate,13.1,rpm,Low,Nurse_Rekha,2026-03-16 06:05:22,2026-03-16 06:08:10,2026-03-16 06:44:08
ALT00508,F003,Pediatric,HeartRate,86.8,bpm,Low,Nurse_Pooja,2026-04-13 23:15:08,2026-04-13 23:22:47,2026-04-13 23:52:42
ALT00653,F001,General,RespiratoryRate,19.3,rpm,Low,Nurse_Anita,2026-04-24 14:29:50,2026-04-24 14:35:08,2026-04-24 14:45:20
ALT00947,F002,ICU,RespiratoryRate,12.1,rpm,Low,Nurse_Nandini,2026-05-24 14:18:17,2026-05-24 14:27:38,2026-05-24 14:37:47
ALT00290,F003,Pediatric,RespiratoryRate,17.6,rpm,Low,Nurse_Pooja,2026-05-13 07:46:29,2026-05-13 07:52:39,2026-05-13 08:27:25
ALT00166,F002,ICU,HeartRate,45.3,bpm,Medium,Nurse_Nandini,2026-04-10 22:28:22,2026-04-10 22:38:17,2026-04-10 23:07:05
ALT00762,F003,General,Temperature,37.1,C,Low,Nurse_Vijaya,2026-06-22 23:44:47,2026-06-22 23:52:44,
ALT00498,F001,ICU,BloodPressure,119.3,mmHg,Low,Nurse_Kavitha,2026-03-11 18:22:51,2026-03-11 18:24:15,2026-03-11 18:58:56
ALT00463,F001,CCU,HeartRate,75.2,bpm,Low,Nurse_Saritha,2026-06-05 23:24:57,2026-06-05 23:34:45,2026-06-05 23:43:14
ALT00066,F001,CCU,Temperature,36.8,C,Low,Nurse_Saritha,2026-03-23 22:27:20,2026-03-23 22:33:50,2026-03-23 23:04:44
ALT00142,F002,General,HeartRate,90.9,bpm,Low,Nurse_Geetha,2026-03-04 01:32:48,2026-03-04 01:40:25,2026-03-04 01:57:03
ALT00276,F003,Pediatric,SpO2,97.4,%,Low,Nurse_Lakshmi,2026-01-17 14:25:23,2026-01-17 14:28:43,2026-01-17 15:08:23
ALT00952,F001,CCU,RespiratoryRate,14.4,rpm,Low,Nurse_Deepa,2026-05-03 07:26:51,2026-05-03 07:28:37,2026-05-03 07:53:27
ALT00583,F001,General,Temperature,39.3,C,High,Nurse_Anita,2026-05-31 23:42:48,2026-05-31 23:48:13,2026-06-01 00:17:18
ALT00465,F002,ICU,HeartRate,9.0,bpm,Low,Nurse_Bindhu,2026-03-04 23:19:21,2026-03-04 23:20:21,2026-03-04 23:20:23
ALT00669,F001,ICU,BloodPressure,116.7,mmHg,Low,Nurse_Kavitha,2026-03-19 12:16:49,2026-03-19 12:20:08,2026-03-19 12:37:03
ALT00320,F002,ICU,Temperature,35.9,C,Medium,Nurse_Nandini,2026-05-11 22:40:43,2026-05-11 22:47:46,2026-05-11 23:10:31
ALT00716,F002,General,SpO2,73.4,%,High,Nurse_Geetha,2026-04-23 06:03:23,2026-04-23 06:12:24,2026-04-23 06:41:40
ALT00307,F002,ICU,HeartRate,40.7,bpm,Medium,Nurse_Bindhu,2026-02-19 22:43:20,2026-02-19 22:52:21,2026-02-19 23:08:57
ALT00308,F002,General,SpO2,95.4,%,Low,Nurse_Padma,2026-01-04 15:24:21,2026-01-04 15:29:47,2026-01-04 15:59:09
ALT00825,F002,ICU,RespiratoryRate,16.0,rpm,Low,Nurse_Nandini,2026-05-02 20:46:58,2026-05-02 20:54:08,2026-05-02 21:22:49
ALT00334,F001,ICU,Temperature,36.1,C,Low,Nurse_Meena,2026-03-31 15:21:08,2026-03-31 15:22:56,2026-03-31 15:31:48
ALT00050,F002,General,SpO2,97.8,%,Low,Nurse_Geetha,2026-01-10 07:29:46,2026-01-10 07:34:11,2026-01-10 08:05:30
ALT00731,F002,ICU,SpO2,94.6,%,Low,Nurse_Nandini,2026-02-14 11:46:53,2026-02-14 11:52:27,2026-02-14 12:17:54
ALT00003,F003,Pediatric,SpO2,94.5,%,Low,Nurse_Pooja,2026-02-20 14:06:15,2026-02-20 14:14:52,2026-02-20 14:41:00
ALT00786,F002,General,BloodPressure,123.7,mmHg,Low,Nurse_Renu,2026-01-11 14:51:00,2026-01-11 14:58:17,2026-01-11 15:28:40
ALT00353,F001,CCU,HeartRate,140.2,bpm,High,Nurse_Deepa,2026-06-26 15:22:09,2026-06-26 15:29:24,2026-06-26 15:45:41
ALT00909,F003,Pediatric,SpO2,94.3,%,Low,Nurse_Lakshmi,2026-04-07 15:49:08,2026-04-07 15:50:53,2026-04-07 16:00:55
ALT00539,F001,ICU,Temperature,35.3,C,Medium,Nurse_Priya,2026-04-10 19:20:02,2026-04-10 19:24:33,2026-04-10 19:33:17
ALT00347,F003,Pediatric,HeartRate,66.6,bpm,Low,Nurse_Divya,2026-04-04 22:58:32,2026-04-04 23:00:47,2026-04-04 23:30:53
ALT01000,F003,Pediatric,HeartRate,83.6,bpm,Low,Nurse_Divya,2026-01-06 14:59:59,2026-01-06 15:01:57,2026-01-06 15:14:21
ALT00484,F001,ICU,Temperature,36.8,C,Low,Nurse_Priya,2026-04-28 06:42:22,2026-04-28 06:46:20,2026-04-28 06:54:24
ALT00661,F001,ICU,HeartRate,94.4,bpm,Low,Nurse_Meena,2026-05-07 11:13:25,2026-05-07 11:19:41,2026-05-07 11:31:44
ALT00034,F001,ICU,BloodPressure,108.0,mmHg,Medium,Nurse_Priya,2026-01-05 14:17:49,2026-01-05 14:21:20,2026-01-05 14:48:47
ALT00032,F003,General,RespiratoryRate,10.6,rpm,Medium,Nurse_Smitha,2026-06-05 15:05:47,2026-06-05 15:07:01,2026-06-05 15:37:47
ALT00232,F001,CCU,HeartRate,40.4,bpm,Medium,Nurse_Latha,2026-03-23 06:51:18,2026-03-23 06:55:24,2026-03-23 07:04:13
ALT00752,F002,ICU,SpO2,95.3,%,Low,Nurse_Nandini,2026-01-14 14:26:31,2026-01-14 14:18:31,2026-01-14 14:53:14
ALT00193,F001,ICU,BloodPressure,108.4,mmHg,Medium,Nurse_Meena,2026-06-26 04:05:21,2026-06-26 04:10:31,2026-06-26 04:40:41
ALT00514,F001,General,HeartRate,67.5,bpm,Low,Nurse_Rekha,2026-03-10 23:11:39,2026-03-10 23:16:07,2026-03-10 23:53:28
ALT00004,F002,ICU,Temperature,39.2,C,High,Nurse_Nandini,2026-01-15 23:39:00,2026-01-15 23:41:44,2026-01-15 23:49:10
ALT00205,F002,General,BloodPressure,94.5,mmHg,Medium,Nurse_Padma,2026-01-28 15:36:02,2026-01-28 15:42:55,2026-01-28 16:11:53
ALT00434,F001,ICU,HeartRate,66.7,bpm,Low,Nurse_Meena,2026-02-09 23:27:42,2026-02-09 23:31:11,2026-02-09 23:40:23
ALT00807,F002,General,Temperature,36.1,C,Low,Nurse_Renu,2026-03-10 18:40:33,2026-03-10 18:42:36,2026-03-10 18:51:52
ALT00984,F001,CCU,SpO2,97.7,%,Low,Nurse_Deepa,2026-04-29 22:13:12,2026-04-29 22:17:24,2026-04-29 22:54:26
ALT00110,F001,CCU,SpO2,75.4,%,High,Nurse_Saritha,2026-06-06 06:09:29,2026-06-06 06:13:38,2026-06-06 06:38:52
ALT00941,F002,ICU,BloodPressure,95.2,mmHg,Medium,Nurse_Bindhu,2026-04-13 02:35:32,,2026-05-30 03:11:16
ALT00078,F002,General,SpO2,97.9,%,Low,Nurse_Geetha,2026-06-15 07:55:13,2026-06-15 08:03:54,2026-06-15 08:20:48
ALT00085,F002,ICU,SpO2,94.3,%,Low,Nurse_Nandini,2026-01-30 06:02:45,2026-01-30 06:06:58,2026-01-30 06:27:03
ALT00589,F001,ICU,SpO2,96.7,%,Low,Nurse_Meena,2026-04-21 10:00:37,2026-04-21 10:06:35,2026-04-21 10:38:03
ALT00083,F003,Pediatric,SpO2,97.4,%,Low,Nurse_Pooja,2026-04-23 06:54:50,2026-04-23 07:00:38,2026-04-23 07:39:02
ALT00255,F001,General,RespiratoryRate,12.8,rpm,Low,Nurse_Anita,2026-05-04 13:57:57,2026-05-04 14:05:43,2026-05-04 14:31:21
ALT00923,F002,ICU,HeartRate,95.8,bpm,Low,Nurse_Nandini,2026-02-21 04:27:37,2026-02-21 04:36:52,2026-02-21 04:43:15
ALT00409,F002,General,HeartRate,90.0,bpm,Low,Nurse_Renu,2026-06-06 22:17:52,2026-06-06 22:20:02,2026-06-06 22:43:26
ALT00654,F003,General,SpO2,74.6,%,High,Nurse_Hema,2026-03-18 22:04:05,2026-03-18 22:09:40,2026-03-18 22:29:08
ALT00522,F002,ICU,RespiratoryRate,14.3,rpm,Low,Nurse_Usha,2026-06-28 06:22:33,2026-06-28 06:24:18,2026-06-28 06:47:00
ALT00919,F003,Pediatric,SpO2,97.9,%,Low,Nurse_Lakshmi,2026-03-06 23:23:22,2026-03-06 23:25:28,
ALT00437,F001,General,RespiratoryRate,13.1,rpm,Low,Nurse_Anita,2026-02-04 17:36:36,2026-02-04 17:45:41,2026-02-04 18:07:40
ALT00006,F002,ICU,Temperature,36.4,C,Low,Nurse_Usha,2026-04-25 07:10:22,2026-04-25 07:19:42,2026-04-25 07:48:47
ALT00405,F001,CCU,SpO2,74.6,%,High,Nurse_Deepa,2026-05-02 14:26:50,2026-05-02 14:27:55,2026-05-02 15:02:03
ALT00468,F002,ICU,RespiratoryRate,13.1,rpm,Low,Nurse_Bindhu,2026-02-25 14:52:23,2026-02-25 15:02:20,2026-02-25 15:41:29
ALT00098,F003,Pediatric,Temperature,36.6,C,Low,Nurse_Divya,2026-05-14 15:41:07,2026-05-14 15:45:48,2026-05-14 16:24:06
ALT00560,F001,General,RespiratoryRate,10.2,rpm,Medium,Nurse_Anita,2026-02-24 20:53:38,2026-02-24 20:54:52,2026-02-24 21:15:47
ALT00360,F001,General,SpO2,96.3,%,Low,Nurse_Sunita,2026-01-29 23:12:45,2026-01-29 23:22:11,2026-01-29 23:28:35
ALT00873,F002,ICU,SpO2,74.1,%,High,Nurse_Usha,2026-01-29 15:43:24,2026-01-29 15:50:48,2026-01-29 16:04:50
ALT00267,F003,General,HeartRate,48.0,bpm,Medium,Nurse_Smitha,2026-04-10 12:22:33,2026-04-10 12:26:26,2026-04-10 12:46:01
ALT00678,F001,CCU,SpO2,95.0,%,Low,Nurse_Latha,2026-06-15 16:20:47,2026-06-15 16:26:41,2026-06-15 16:59:17
ALT00383,F001,CCU,RespiratoryRate,16.4,rpm,Low,Nurse_Latha,2026-05-30 08:04:32,2026-05-30 08:07:06,2026-05-30 08:34:59
ALT00694,F001,ICU,BloodPressure,173.3,mmHg,High,Nurse_Kavitha,2026-05-22 23:53:25,2026-05-23 00:01:41,2026-05-23 00:27:55
ALT00412,F001,ICU,BloodPressure,88.1,mmHg,Medium,Nurse_Kavitha,2026-03-18 14:23:59,2026-03-18 14:26:36,
ALT00886,F002,ICU,HeartRate,134.9,bpm,High,Nurse_Nandini,2026-03-08 00:17:00,2026-03-08 00:24:08,2026-03-08 00:46:51
ALT00119,F002,General,HeartRate,57.5,bpm,Medium,Nurse_Geetha,2026-05-25 05:42:42,2026-05-25 05:44:29,2026-05-25 06:19:03
ALT00431,F003,General,SpO2,98.5,%,Low,Nurse_Smitha,2026-02-17 22:30:43,2026-02-17 22:33:58,2026-02-17 22:52:20
ALT00251,F002,General,HeartRate,75.9,bpm,Low,Nurse_Geetha,2026-03-08 22:21:54,2026-03-08 22:25:39,2026-03-08 22:55:08
ALT00343,F001,General,HeartRate,68.9,bpm,Low,Nurse_Rekha,2026-02-13 08:39:09,2026-02-13 08:45:56,2026-02-13 09:05:03
ALT00010,F003,Pediatric,RespiratoryRate,16.4,rpm,Low,Nurse_Divya,2026-01-12 15:33:22,2026-01-12 15:42:51,2026-01-12 16:11:40
ALT00197,F003,General,Temperature,36.6,C,Low,Nurse_Vijaya,2026-06-07 17:26:09,2026-06-07 17:29:38,2026-06-07 17:54:07
ALT00880,F002,ICU,HeartRate,85.0,bpm,Low,Nurse_Nandini,2026-01-30 00:29:00,2026-01-30 00:38:34,2026-01-30 00:51:40
ALT00082,F001,ICU,BloodPressure,114.3,mmHg,Low,Nurse_Kavitha,2026-01-18 22:45:16,2026-01-18 22:54:06,2026-01-18 23:33:03
ALT00912,F003,General,HeartRate,52.0,bpm,Medium,Nurse_Smitha,2026-02-23 18:37:17,2026-02-23 18:45:59,2026-02-23 18:55:05
ALT00479,F003,General,BloodPressure,121.5,mmHg,Low,Nurse_Smitha,2026-01-21 14:05:33,2026-01-21 14:13:40,2026-01-21 14:36:34
ALT00697,F001,General,HeartRate,122.1,bpm,High,Nurse_Rekha,2026-02-16 10:16:34,2026-02-16 10:19:43,2026-02-16 10:45:37
ALT00240,F003,Pediatric,SpO2,97.7,%,Low,Nurse_Lakshmi,2026-02-19 07:49:52,2026-02-19 07:57:46,2026-02-19 08:22:00
ALT00293,F001,ICU,HeartRate,75.4,bpm,Low,Nurse_Meena,2026-01-13 06:46:24,2026-01-13 06:54:00,2026-01-13 07:32:55
ALT00212,F001,CCU,SpO2,96.2,%,Low,Nurse_Saritha,2026-01-11 07:05:59,2026-01-11 07:14:03,2026-01-11 07:38:51
ALT00722,F001,General,HeartRate,69.5,bpm,Low,Nurse_Sunita,2026-04-04 04:22:48,2026-04-04 04:31:10,2026-04-04 04:55:45
ALT00362,F001,CCU,Temperature,36.5,C,Low,Nurse_Latha,2026-03-14 07:42:42,2026-03-14 07:45:40,2026-03-14 08:17:00
ALT00452,F002,ICU,BloodPressure,111.7,mmHg,Low,Nurse_Usha,2026-04-26 22:24:23,2026-04-26 22:32:20,2026-04-26 22:49:30
ALT00228,F002,General,RespiratoryRate,18.2,rpm,Low,Nurse_Renu,2026-06-11 23:58:59,2026-06-12 00:05:54,2026-06-12 00:23:20
ALT00857,F001,ICU,Temperature,37.0,C,Low,Nurse_Meena,2026-01-18 06:52:05,2026-01-18 07:01:24,2026-01-18 07:11:02
ALT00363,F003,General,RespiratoryRate,27.4,rpm,High,Nurse_Smitha,2026-05-01 23:39:51,2026-05-01 23:41:12,
ALT00801,F003,Pediatric,BloodPressure,104.6,mmHg,Medium,Nurse_Divya,2026-03-12 12:36:35,2026-03-12 12:46:31,2026-03-12 13:10:41
ALT00658,F001,CCU,HeartRate,79.5,bpm,Low,Nurse_Saritha,2026-03-24 23:47:15,2026-03-24 23:53:49,2026-03-25 00:32:54
ALT00708,F003,Pediatric,SpO2,70.3,%,High,Nurse_Divya,2026-02-09 19:21:28,2026-02-09 19:26:54,2026-02-09 19:56:33
ALT00645,F001,CCU,SpO2,99.0,%,Low,Nurse_Saritha,2026-04-12 09:13:43,2026-04-12 09:14:45,2026-04-12 09:46:36
ALT00582,F001,General,BloodPressure,124.8,mmHg,Low,Nurse_Rekha,2026-04-10 14:53:18,2026-04-10 14:54:18,2026-04-10 14:54:20
ALT00937,F001,CCU,RespiratoryRate,10.6,rpm,Medium,Nurse_Latha,2026-05-09 06:14:24,2026-05-09 06:17:49,2026-05-09 06:30:01
ALT00371,F003,Pediatric,HeartRate,83.9,bpm,Low,Nurse_Lakshmi,2026-04-10 06:02:28,2026-04-10 06:08:18,2026-04-10 06:46:26
ALT00008,F001,General,Temperature,36.3,C,Low,Nurse_Rekha,2026-06-09 05:49:52,2026-06-09 05:57:34,2026-06-09 06:21:26
ALT00156,F003,General,SpO2,87.2,%,Medium,Nurse_Vijaya,2026-03-25 07:56:57,2026-03-25 08:03:15,2026-03-25 08:35:07
ALT00544,F003,General,RespiratoryRate,18.4,rpm,Low,Nurse_Smitha,2026-03-31 11:39:35,2026-03-31 11:44:25,
ALT00443,F002,ICU,HeartRate,123.2,bpm,High,Nurse_Bindhu,2026-06-17 15:59:42,2026-06-17 16:07:54,2026-06-17 16:15:02
ALT00821,F003,Pediatric,RespiratoryRate,10.0,rpm,Medium,Nurse_Pooja,2026-04-17 23:32:47,2026-04-17 23:35:04,2026-04-17 23:59:55
ALT00399,F003,Pediatric,Temperature,40.1,C,High,Nurse_Divya,2026-04-29 22:03:37,2026-04-29 22:10:22,2026-04-29 22:30:44
ALT00960,F002,ICU,HeartRate,86.3,bpm,Low,Nurse_Bindhu,2026-06-01 22:43:01,2026-06-01 22:45:08,2026-06-01 22:55:15
ALT00569,F001,ICU,SpO2,97.3,%,Low,Nurse_Priya,2026-05-31 14:26:23,2026-05-31 14:34:28,2026-05-31 14:56:29
ALT00592,F003,Pediatric,SpO2,96.2,%,Low,Nurse_Divya,2026-05-18 06:49:44,2026-05-18 06:52:30,2026-05-18 06:58:39
ALT00581,F002,General,BloodPressure,115.2,mmHg,Low,Nurse_Geetha,2026-01-02 04:35:36,2026-01-02 04:40:46,2026-01-02 05:05:38
ALT00939,F003,General,HeartRate,125.7,bpm,High,Nurse_Smitha,2026-02-26 07:21:09,2026-02-26 07:22:16,2026-02-26 07:43:53
ALT00696,F001,ICU,HeartRate,73.0,bpm,Low,Nurse_Priya,2026-02-25 07:03:03,2026-02-25 07:04:18,2026-02-25 07:11:21
ALT00867,F003,General,SpO2,98.1,%,Low,Nurse_Vijaya,2026-03-17 22:31:34,2026-03-17 22:36:02,2026-03-17 23:01:22
ALT00533,F003,Pediatric,HeartRate,99.8,bpm,Low,Nurse_Pooja,2026-01-30 06:24:35,2026-01-30 06:27:55,2026-01-30 07:01:22
ALT00586,F001,General,HeartRate,71.7,bpm,Low,Nurse_Rekha,2026-04-25 12:35:15,2026-04-25 12:42:00,2026-04-25 12:49:41
ALT00712,F002,ICU,Temperature,36.9,C,Low,Nurse_Usha,2026-04-04 22:48:08,2026-04-04 22:49:33,2026-04-04 23:26:42
ALT00451,F001,General,BloodPressure,119.7,mmHg,Low,Nurse_Rekha,2026-01-17 07:46:48,2026-01-17 07:52:09,2026-01-17 08:14:14
ALT00856,F001,ICU,SpO2,96.3,%,Low,Nurse_Kavitha,2026-05-04 07:04:28,2026-05-04 07:11:17,2026-05-04 07:30:22
ALT00229,F001,CCU,RespiratoryRate,18.4,rpm,Low,Nurse_Latha,2026-04-27 09:55:56,2026-04-27 09:57:53,2026-04-27 10:06:20
ALT00591,F002,General,BloodPressure,130.8,mmHg,Low,Nurse_Geetha,2026-05-08 06:14:45,2026-05-08 06:21:56,2026-05-08 06:37:42
ALT00733,F002,General,SpO2,98.0,%,Low,Nurse_Renu,2026-06-22 22:25:53,2026-06-22 22:32:44,2026-06-22 22:44:59
ALT00213,F001,CCU,BloodPressure,96.4,mmHg,Medium,Nurse_Deepa,2026-02-11 08:35:28,2026-02-11 08:38:54,2026-02-11 09:16:15
ALT00080,F001,CCU,HeartRate,75.3,bpm,Low,Nurse_Saritha,2026-03-23 07:44:19,2026-03-23 07:53:01,2026-03-23 08:12:24
ALT00149,F001,ICU,Temperature,36.2,C,Low,Nurse_Priya,2026-06-02 18:15:05,2026-06-02 18:18:12,2026-06-02 18:45:47
ALT00303,F002,ICU,Temperature,35.1,C,Medium,Nurse_Bindhu,2026-06-20 07:13:50,2026-06-20 07:18:39,2026-06-20 07:58:14
ALT00916,F003,Pediatric,RespiratoryRate,13.3,rpm,Low,Nurse_Pooja,2026-01-19 12:30:16,2026-01-19 12:33:07,2026-01-19 13:03:24
ALT00329,F003,Pediatric,HeartRate,40.4,bpm,Medium,Nurse_Lakshmi,2026-01-30 16:17:48,2026-01-30 16:20:49,2026-01-30 17:00:17
ALT00928,F002,ICU,SpO2,78.7,%,High,Nurse_Nandini,2026-06-05 03:23:09,2026-06-05 03:27:52,2026-06-05 03:48:30
ALT00345,F003,Pediatric,RespiratoryRate,14.7,rpm,Low,Nurse_Divya,2026-04-12 05:16:36,2026-04-12 05:25:01,
ALT00546,F001,ICU,HeartRate,83.3,bpm,Low,Nurse_Kavitha,2026-01-31 07:28:46,2026-01-31 07:30:58,2026-01-31 08:03:40
ALT00507,F002,ICU,SpO2,96.7,%,Low,Nurse_Nandini,2026-04-06 15:15:39,2026-04-06 15:25:24,2026-04-06 15:43:50
ALT00134,F003,Pediatric,HeartRate,71.3,bpm,Low,Nurse_Divya,2026-06-20 11:36:08,2026-06-20 11:40:34,2026-06-20 12:04:02
ALT00553,F002,General,RespiratoryRate,10.6,rpm,Medium,Nurse_Geetha,2026-05-21 06:15:23,2026-05-21 06:19:46,2026-05-21 06:32:29
ALT00312,F001,General,Temperature,35.2,C,Medium,Nurse_Anita,2026-03-13 10:47:26,2026-03-13 10:52:50,2026-03-13 11:13:27
ALT00999,F002,ICU,Temperature,36.5,C,Low,Nurse_Usha,2026-03-18 06:20:24,2026-03-18 06:30:10,2026-03-18 07:06:35
ALT00568,F003,General,SpO2,102.5,%,High,Nurse_Vijaya,2026-03-16 23:26:18,2026-03-16 23:31:04,
ALT00001,F001,General,RespiratoryRate,10.7,rpm,Medium,Nurse_Sunita,2026-02-10 04:16:13,2026-02-10 04:18:00,2026-02-10 04:37:46
ALT00317,F003,Pediatric,BloodPressure,113.2,mmHg,Low,Nurse_Divya,2026-04-27 12:31:04,2026-04-27 12:32:39,2026-04-27 13:12:14
ALT00711,F003,Pediatric,RespiratoryRate,10.0,rpm,Medium,Nurse_Divya,2026-04-11 15:41:03,2026-04-11 15:49:44,2026-04-11 16:06:03
ALT00550,F003,General,RespiratoryRate,13.5,rpm,Low,Nurse_Vijaya,2026-05-19 15:49:52,2026-05-19 15:58:02,2026-05-19 16:27:01
ALT00618,F001,General,SpO2,97.0,%,Low,Nurse_Rekha,2026-05-29 06:25:48,2026-05-29 06:26:48,2026-05-29 06:26:50
ALT00535,F002,General,SpO2,80.2,%,Medium,Nurse_Geetha,2026-01-07 23:16:56,2026-01-07 23:22:25,2026-01-07 23:50:16
ALT00480,F001,General,BloodPressure,129.8,mmHg,Low,Nurse_Sunita,2026-05-19 06:53:04,2026-05-19 06:55:25,2026-05-19 07:30:50
ALT00778,F001,CCU,BloodPressure,87.3,mmHg,Medium,Nurse_Deepa,2026-04-04 15:10:48,2026-04-04 15:14:31,2026-04-04 15:53:23
ALT00173,F002,ICU,BloodPressure,121.3,mmHg,Low,Nurse_Usha,2026-01-25 14:42:58,2026-01-25 14:52:35,2026-01-25 15:13:40
ALT00126,F003,General,Temperature,39.5,C,High,Nurse_Hema,2026-04-27 23:28:08,2026-04-27 23:34:37,2026-04-27 23:52:22
ALT00425,F003,General,RespiratoryRate,18.0,rpm,Low,Nurse_Vijaya,2026-02-21 23:59:46,2026-02-22 00:03:28,2026-02-22 00:35:16
ALT00423,F003,Pediatric,HeartRate,43.4,bpm,Medium,Nurse_Divya,2026-03-22 01:43:48,2026-03-22 01:50:11,2026-03-22 02:17:16
ALT00555,F001,General,HeartRate,78.6,bpm,Low,Nurse_Sunita,2026-01-06 14:08:55,2026-01-06 14:13:40,2026-01-06 14:45:17
ALT00908,F002,ICU,RespiratoryRate,15.6,rpm,Low,Nurse_Usha,2026-03-10 19:59:20,2026-03-10 20:06:01,2026-03-10 20:23:33
ALT00091,F001,General,SpO2,81.8,%,Medium,Nurse_Anita,2026-05-17 00:05:38,2026-05-17 00:07:31,2026-05-17 00:34:28
ALT00944,F002,ICU,RespiratoryRate,8.4,rpm,Medium,Nurse_Bindhu,2026-06-26 03:42:49,2026-06-26 03:48:18,2026-06-26 04:01:51
ALT00182,F002,General,SpO2,97.6,%,Low,Nurse_Geetha,2026-05-26 23:29:33,2026-05-26 23:30:41,2026-05-26 23:47:28
ALT00275,F002,General,HeartRate,87.4,bpm,Low,Nurse_Geetha,2026-03-23 06:05:54,2026-03-23 06:14:20,2026-03-23 06:43:44
ALT00900,F001,CCU,HeartRate,86.0,bpm,Low,Nurse_Deepa,2026-06-29 03:58:08,2026-06-29 04:04:41,2026-06-29 04:24:05
ALT00070,F002,General,BloodPressure,123.1,mmHg,Low,Nurse_Renu,2026-02-24 14:32:26,2026-02-24 14:38:49,2026-02-24 15:14:56
ALT00292,F001,General,HeartRate,88.4,bpm,Low,Nurse_Rekha,2026-01-31 05:16:25,2026-01-31 05:17:25,2026-04-12 15:32:19
ALT00132,F003,General,RespiratoryRate,19.2,rpm,Low,Nurse_Hema,2026-03-09 23:49:47,2026-03-09 23:57:16,2026-03-10 00:03:48
ALT00301,F002,ICU,Temperature,37.0,C,Low,Nurse_Usha,2026-03-03 22:14:43,2026-03-03 22:23:05,
ALT00584,F001,General,SpO2,96.8,%,Low,Nurse_Rekha,2026-06-28 23:23:06,2026-06-28 23:31:55,2026-06-28 23:58:53
ALT00327,F002,ICU,Temperature,37.1,C,Low,Nurse_Usha,2026-01-01 17:48:53,2026-01-01 17:52:42,2026-01-01 18:01:18
ALT00145,F001,ICU,RespiratoryRate,32.4,rpm,High,Nurse_Meena,2026-03-01 14:27:52,2026-03-01 14:36:55,2026-03-01 14:55:27
ALT00426,F002,ICU,Temperature,36.3,C,Low,Nurse_Usha,2026-03-09 22:27:29,2026-03-09 22:35:07,2026-03-09 22:53:46
ALT00585,F002,ICU,HeartRate,65.8,bpm,Low,Nurse_Nandini,2026-04-03 14:10:42,2026-04-03 14:15:51,2026-04-03 14:45:07
ALT00136,F001,General,SpO2,95.7,%,Low,Nurse_Anita,2026-01-27 07:52:46,,2026-01-27 08:00:52
ALT00667,F002,ICU,HeartRate,79.3,bpm,Low,Nurse_Usha,2026-02-07 07:08:28,2026-02-07 07:11:01,2026-02-07 07:21:29
ALT00165,F002,General,SpO2,98.4,%,Low,Nurse_Padma,2026-04-07 14:30:14,2026-04-07 14:37:47,2026-04-07 15:09:31
ALT00029,F001,General,RespiratoryRate,15.4,rpm,Low,Nurse_Rekha,2026-06-12 23:03:13,2026-06-12 23:06:42,2026-06-12 23:11:49
ALT00935,F001,ICU,HeartRate,67.6,bpm,Low,Nurse_Meena,2026-03-10 20:29:50,2026-03-10 20:32:25,2026-03-10 20:47:05
ALT00194,F001,ICU,HeartRate,54.5,bpm,Medium,Nurse_Priya,2026-03-24 07:59:04,2026-03-24 08:00:21,2026-03-24 08:28:28
ALT00995,F003,Pediatric,SpO2,95.3,%,Low,Nurse_Divya,2026-04-10 06:15:17,2026-04-10 06:23:22,2026-04-10 06:37:27
ALT00750,F003,General,HeartRate,48.7,bpm,Medium,Nurse_Vijaya,2026-02-14 20:15:44,2026-02-14 20:24:56,2026-02-14 20:36:21
ALT00170,F002,General,HeartRate,52.0,bpm,Medium,Nurse_Renu,2026-02-25 09:10:05,2026-02-25 09:16:28,2026-02-25 09:30:45
ALT00491,F002,General,HeartRate,98.4,bpm,Low,Nurse_Geetha,2026-01-21 15:46:29,2026-01-21 15:54:58,2026-01-21 16:06:46
ALT00141,F001,General,RespiratoryRate,19.0,rpm,Low,Nurse_Sunita,2026-06-21 22:35:14,2026-06-21 22:36:37,2026-06-21 22:55:09
ALT00174,F002,General,RespiratoryRate,14.4,rpm,Low,Nurse_Renu,2026-03-29 03:39:28,2026-03-29 03:48:57,2026-03-29 04:28:20
ALT00007,F001,ICU,SpO2,94.3,%,Low,Nurse_Priya,2026-05-28 22:11:13,2026-05-28 22:20:27,2026-05-28 22:45:18
ALT00803,F003,General,SpO2,96.2,%,Low,Nurse_Hema,2026-02-24 17:35:58,2026-02-24 17:41:19,2026-02-24 18:17:43
ALT00636,F002,ICU,HeartRate,43.6,bpm,Medium,Nurse_Usha,2026-02-08 19:14:51,2026-02-08 19:17:29,2026-02-08 19:50:13
ALT00074,F001,General,SpO2,90.7,%,Medium,Nurse_Rekha,2026-01-21 20:46:52,2026-01-21 20:47:52,2026-04-12 15:32:20
ALT00688,F001,CCU,HeartRate,132.1,bpm,High,Nurse_Saritha,2026-01-08 14:19:07,2026-01-08 14:24:30,2026-01-08 14:57:11
ALT00981,F002,ICU,SpO2,73.3,%,High,Nurse_Bindhu,2026-03-20 19:57:22,2026-03-20 19:58:22,2026-03-22 15:25:59
ALT00239,F001,General,HeartRate,93.6,bpm,Low,Nurse_Anita,2026-04-01 23:31:32,2026-04-01 23:36:55,2026-04-01 23:44:49
ALT00146,F002,General,BloodPressure,122.9,mmHg,Low,Nurse_Padma,2026-06-16 06:46:16,2026-06-16 06:56:13,2026-06-16 07:07:32
ALT00797,F003,Pediatric,RespiratoryRate,26.3,rpm,High,Nurse_Pooja,2026-05-19 19:56:00,2026-05-19 20:02:59,2026-05-19 20:28:39
ALT00235,F001,ICU,Temperature,37.0,C,Low,Nurse_Meena,2026-02-03 15:07:59,2026-02-03 15:13:44,2026-02-03 15:41:06
ALT00221,F001,CCU,HeartRate,72.0,bpm,Low,Nurse_Deepa,2026-04-13 15:10:08,2026-04-13 15:15:34,2026-04-13 15:22:47
ALT00478,F002,General,SpO2,96.3,%,Low,Nurse_Geetha,2026-02-02 23:57:19,2026-02-03 00:00:34,2026-02-03 00:29:47
ALT00837,F002,General,HeartRate,71.2,bpm,Low,Nurse_Geetha,2026-04-22 04:05:19,2026-04-22 04:07:21,2026-04-22 04:21:35
ALT00133,F002,General,HeartRate,81.4,bpm,Low,Nurse_Renu,2026-02-21 06:53:19,2026-02-21 06:57:06,2026-02-21 07:30:24
ALT00996,F001,ICU,HeartRate,86.2,bpm,Low,Nurse_Priya,2026-06-06 19:45:11,2026-06-06 19:47:51,2026-06-06 20:10:35
ALT00842,F003,General,HeartRate,72.2,bpm,Low,Nurse_Vijaya,2026-02-03 06:30:31,2026-02-03 06:32:24,2026-02-03 06:37:52
ALT00186,F003,General,BloodPressure,114.0,mmHg,Low,Nurse_Hema,2026-06-14 22:14:59,2026-06-14 22:17:22,2026-06-14 22:48:32
ALT00042,F001,CCU,HeartRate,42.0,bpm,Medium,Nurse_Latha,2026-01-01 23:57:13,2026-01-02 00:02:02,2026-01-02 00:13:11
ALT00997,F001,CCU,HeartRate,159.0,bpm,High,Nurse_Latha,2026-02-11 00:45:16,2026-02-11 00:46:24,2026-02-11 01:20:59
ALT00109,F001,ICU,Temperature,36.7,C,Low,Nurse_Meena,2026-05-13 23:35:55,2026-05-13 23:41:58,2026-05-13 23:58:30
ALT00870,F002,ICU,SpO2,73.3,%,High,Nurse_Usha,2026-05-07 06:44:10,2026-05-07 06:51:29,2026-05-07 07:19:40
ALT00057,F002,General,HeartRate,95.3,bpm,Low,Nurse_Padma,2026-06-03 07:24:03,2026-06-03 07:27:14,2026-06-03 07:48:30
ALT00531,F001,CCU,RespiratoryRate,19.7,rpm,Low,Nurse_Latha,2026-06-10 22:40:14,2026-06-10 22:42:00,2026-06-10 23:08:10
ALT00871,F003,General,SpO2,98.2,%,Low,Nurse_Smitha,2026-01-27 07:04:01,2026-01-27 07:08:46,2026-01-27 07:40:33
ALT00604,F001,CCU,SpO2,88.6,%,Medium,Nurse_Latha,2026-02-28 22:06:57,2026-02-28 22:12:38,2026-02-28 22:34:52
ALT00865,F001,General,RespiratoryRate,12.5,rpm,Low,Nurse_Rekha,2026-05-10 20:12:13,2026-05-10 20:13:13,2026-05-10 20:13:15
ALT00025,F001,General,RespiratoryRate,17.2,rpm,Low,Nurse_Sunita,2026-05-01 14:25:58,,2026-05-01 15:08:36
ALT00651,F003,General,Temperature,36.6,C,Low,Nurse_Vijaya,2026-04-30 19:02:51,2026-04-30 19:11:49,2026-04-30 19:33:30
ALT00449,F001,ICU,BloodPressure,116.7,mmHg,Low,Nurse_Kavitha,2026-04-18 14:00:43,2026-04-18 14:09:25,2026-04-18 14:15:11
ALT00534,F001,ICU,SpO2,96.7,%,Low,Nurse_Meena,2026-03-12 16:10:50,2026-03-12 16:15:43,2026-03-12 16:42:13
ALT00623,F003,Pediatric,SpO2,92.2,%,Medium,Nurse_Divya,2026-05-13 16:51:39,2026-05-13 16:54:37,2026-05-13 17:03:21
ALT00753,F002,General,SpO2,95.3,%,Low,Nurse_Padma,2026-03-03 07:25:04,2026-03-03 07:32:27,2026-03-03 07:42:14
ALT00931,F001,ICU,SpO2,76.4,%,High,Nurse_Meena,2026-05-18 14:48:22,2026-05-18 14:55:16,2026-05-18 15:29:56
ALT00339,F003,General,Temperature,36.8,C,Low,Nurse_Smitha,2026-03-16 22:43:23,2026-03-16 22:51:23,2026-03-16 23:17:47
ALT00052,F001,ICU,BloodPressure,116.5,mmHg,Low,Nurse_Meena,2026-01-28 23:07:30,2026-01-28 23:14:47,2026-01-28 23:46:38
ALT00668,F003,Pediatric,HeartRate,134.3,bpm,High,Nurse_Pooja,2026-02-12 06:22:08,2026-02-12 06:24:34,2026-02-12 06:58:32
ALT00519,F003,Pediatric,BloodPressure,128.9,mmHg,Low,Nurse_Pooja,2026-04-04 22:05:19,2026-04-04 22:12:17,2026-04-04 22:40:42
ALT00925,F003,Pediatric,HeartRate,69.0,bpm,Low,Nurse_Divya,2026-06-24 14:39:56,2026-06-24 14:48:21,2026-06-24 14:58:13
ALT00637,F003,General,SpO2,94.4,%,Low,Nurse_Hema,2026-03-23 22:43:09,2026-03-23 22:48:22,2026-03-23 23:23:52
ALT00265,F002,ICU,HeartRate,74.4,bpm,Low,Nurse_Nandini,2026-05-09 06:31:11,2026-05-09 06:36:40,2026-05-09 07:01:31
ALT00540,F002,General,RespiratoryRate,27.4,rpm,High,Nurse_Renu,2026-02-04 06:46:11,2026-02-04 06:50:41,2026-02-04 07:23:26
ALT00715,F003,General,BloodPressure,103.8,mmHg,Medium,Nurse_Smitha,2026-03-27 05:51:02,2026-03-27 05:56:42,2026-03-27 06:09:59
ALT00957,F001,CCU,HeartRate,68.2,bpm,Low,Nurse_Latha,2026-05-02 09:27:50,2026-05-02 09:30:08,2026-05-02 10:01:03
ALT00951,F001,CCU,BloodPressure,119.1,mmHg,Low,Nurse_Latha,2026-03-11 06:57:37,2026-03-11 07:01:25,2026-03-11 07:26:09
ALT00878,F001,General,Temperature,36.5,C,Low,Nurse_Sunita,2026-06-19 14:48:34,2026-06-19 14:51:19,2026-06-19 15:22:38
ALT00450,F002,General,Temperature,36.6,C,Low,Nurse_Renu,2026-04-03 22:09:34,2026-04-03 22:11:58,2026-04-03 22:26:14
ALT00019,F002,ICU,RespiratoryRate,13.5,rpm,Low,Nurse_Nandini,2026-05-12 01:52:57,2026-05-12 01:58:47,2026-05-12 02:08:41
ALT00896,F001,General,RespiratoryRate,12.3,rpm,Low,Nurse_Sunita,2026-04-25 04:08:45,2026-04-25 04:16:28,2026-04-25 04:28:02
ALT00486,F001,ICU,Temperature,36.6,C,Low,Nurse_Priya,2026-05-19 15:52:18,2026-05-19 15:58:15,2026-05-19 16:13:30
ALT00571,F001,General,Temperature,36.7,C,Low,Nurse_Rekha,2026-06-22 02:50:37,2026-06-22 02:51:37,
ALT00464,F003,General,HeartRate,88.5,bpm,Low,Nurse_Smitha,2026-02-05 19:08:34,2026-02-05 19:09:48,2026-02-05 19:47:05
ALT00368,F001,General,SpO2,87.0,%,Medium,Nurse_Rekha,2026-04-24 06:24:18,2026-04-24 06:25:18,2026-04-24 06:25:20
ALT00084,F003,Pediatric,RespiratoryRate,35.0,rpm,High,Nurse_Divya,2026-01-07 23:43:02,2026-01-07 23:50:46,2026-01-08 00:10:57
ALT00062,F002,General,SpO2,98.9,%,Low,Nurse_Renu,2026-04-17 03:00:55,2026-04-17 03:09:25,2026-04-17 03:24:47
ALT00440,F003,General,SpO2,95.9,%,Low,Nurse_Vijaya,2026-05-10 18:44:07,2026-05-10 18:49:50,2026-05-10 19:12:15
ALT00273,F002,ICU,Temperature,37.2,C,Low,Nurse_Usha,2026-05-28 22:03:22,2026-05-28 22:06:30,2026-05-28 22:20:38
ALT00286,F001,ICU,RespiratoryRate,16.8,rpm,Low,Nurse_Kavitha,2026-04-08 06:05:41,2026-04-08 06:06:52,2026-04-08 06:28:36
ALT00361,F002,General,BloodPressure,95.2,mmHg,Medium,Nurse_Padma,2026-05-23 06:50:12,2026-05-23 06:59:48,2026-05-23 07:23:02
ALT00355,F003,General,Temperature,37.0,C,Low,Nurse_Smitha,2026-03-10 06:12:35,2026-03-10 06:22:26,2026-03-10 06:51:21
ALT00992,F002,ICU,BloodPressure,117.5,mmHg,Low,Nurse_Bindhu,2026-06-13 23:17:06,2026-06-13 23:18:06,2026-06-13 23:18:08
ALT00279,F001,CCU,BloodPressure,123.8,mmHg,Low,Nurse_Saritha,2026-05-26 14:07:12,2026-05-26 14:09:43,2026-05-26 14:34:48
ALT00013,F002,ICU,Temperature,40.1,C,High,Nurse_Usha,2026-02-28 14:56:14,2026-02-28 14:59:24,2026-02-28 15:12:50
ALT00183,F002,ICU,HeartRate,77.1,bpm,Low,Nurse_Bindhu,2026-04-20 23:19:24,2026-04-20 23:20:24,2026-04-20 23:20:26
ALT00369,F002,ICU,Temperature,36.4,C,Low,Nurse_Nandini,2026-06-17 23:19:58,2026-06-17 23:29:19,2026-06-17 23:47:39
ALT00495,F002,General,HeartRate,63.5,bpm,Low,Nurse_Renu,2026-06-04 09:46:48,2026-06-04 09:55:42,2026-06-04 10:13:42
ALT00800,F001,General,SpO2,92.1,%,Medium,Nurse_Sunita,2026-06-26 23:13:12,2026-06-26 23:16:14,2026-06-26 23:46:59
ALT00224,F001,CCU,SpO2,97.5,%,Low,Nurse_Deepa,2026-03-28 15:20:19,2026-03-28 15:25:44,2026-03-28 15:50:54
ALT00576,F001,ICU,RespiratoryRate,16.9,rpm,Low,Nurse_Kavitha,2026-04-22 14:05:42,2026-04-22 14:08:27,2026-04-22 14:31:52
ALT00704,F001,CCU,Temperature,36.9,C,Low,Nurse_Saritha,2026-03-03 22:21:26,2026-03-03 22:28:15,2026-03-03 22:33:20
ALT00588,F002,General,HeartRate,73.6,bpm,Low,Nurse_Geetha,2026-01-03 14:49:04,2026-01-03 14:58:16,2026-01-03 15:06:51
ALT00548,F003,Pediatric,RespiratoryRate,13.9,rpm,Low,Nurse_Divya,2026-01-23 14:33:30,2026-01-23 14:36:05,
ALT00676,F001,General,RespiratoryRate,15.1,rpm,Low,Nurse_Rekha,2026-03-14 07:07:54,2026-03-14 07:09:14,2026-03-14 07:46:31
ALT00756,F001,ICU,HeartRate,80.9,bpm,Low,Nurse_Meena,2026-04-06 06:53:51,2026-04-06 07:00:48,2026-04-06 07:28:54
ALT00177,F003,Pediatric,SpO2,95.2,%,Low,Nurse_Divya,2026-05-06 22:47:36,2026-05-06 22:54:37,2026-05-06 23:18:12
ALT00670,F001,CCU,HeartRate,51.5,bpm,Medium,Nurse_Saritha,2026-06-11 08:05:32,2026-06-11 08:07:29,2026-06-11 08:14:14
ALT00632,F002,ICU,HeartRate,63.4,bpm,Low,Nurse_Nandini,2026-02-01 14:51:45,2026-02-01 14:56:04,
ALT00590,F002,ICU,SpO2,95.6,%,Low,Nurse_Bindhu,2026-05-28 09:24:33,2026-05-28 09:28:49,2026-05-28 10:02:25
ALT00523,F001,ICU,BloodPressure,113.3,mmHg,Low,Nurse_Meena,2026-02-20 13:47:55,2026-02-20 13:50:29,2026-02-20 14:16:12
ALT00394,F002,ICU,SpO2,98.0,%,Low,Nurse_Usha,2026-04-05 15:41:31,2026-04-05 15:46:12,2026-04-05 15:54:56
ALT00164,F003,Pediatric,SpO2,98.8,%,Low,Nurse_Pooja,2026-06-08 06:25:24,2026-06-08 06:28:20,2026-06-08 06:45:41
ALT00249,F002,General,RespiratoryRate,17.0,rpm,Low,Nurse_Padma,2026-06-10 22:44:53,2026-06-10 22:53:25,2026-06-10 22:58:59
ALT00639,F001,CCU,HeartRate,70.1,bpm,Low,Nurse_Latha,2026-06-24 23:51:47,2026-06-24 23:58:22,2026-06-25 00:13:57
ALT00890,F001,ICU,HeartRate,151.0,bpm,High,Nurse_Kavitha,2026-01-27 22:02:10,2026-01-27 22:03:44,2026-01-27 22:37:02
ALT00674,F001,CCU,SpO2,97.8,%,Low,Nurse_Saritha,2026-03-06 21:58:46,2026-03-06 22:03:33,2026-03-06 22:16:33
ALT00376,F002,General,SpO2,86.0,%,Medium,Nurse_Padma,2026-06-01 23:21:31,2026-06-01 23:25:45,2026-06-01 23:41:26
ALT00413,F001,ICU,RespiratoryRate,13.2,rpm,Low,Nurse_Meena,2026-02-18 15:54:48,2026-02-18 16:04:26,2026-02-18 16:14:40
ALT00075,F001,CCU,HeartRate,70.7,bpm,Low,Nurse_Saritha,2026-04-23 15:48:41,,2026-04-23 16:05:57
ALT00114,F001,General,HeartRate,95.3,bpm,Low,Nurse_Anita,2026-02-28 09:20:02,2026-02-28 09:22:26,2026-02-28 09:53:51
ALT00573,F001,General,SpO2,98.6,%,Low,Nurse_Sunita,2026-03-09 07:34:33,2026-03-09 07:39:11,2026-03-09 08:01:40
ALT00644,F003,Pediatric,HeartRate,42.3,bpm,Medium,Nurse_Pooja,2026-03-30 17:42:37,2026-03-30 17:44:28,2026-03-30 18:19:51
ALT00391,F002,ICU,SpO2,97.0,%,Low,Nurse_Usha,2026-04-01 15:42:55,2026-04-01 15:51:22,2026-04-01 16:27:46
ALT00105,F003,General,HeartRate,48.4,bpm,Medium,Nurse_Vijaya,2026-06-02 06:31:46,2026-06-02 06:40:52,2026-06-02 06:57:08
ALT00115,F001,General,SpO2,95.1,%,Low,Nurse_Anita,2026-03-18 07:44:37,2026-03-18 07:50:14,2026-03-18 08:07:19
ALT00418,F001,General,SpO2,95.1,%,Low,Nurse_Rekha,2026-04-24 06:05:04,2026-04-24 06:08:55,2026-04-24 06:24:07
ALT00713,F001,General,RespiratoryRate,11.0,rpm,Medium,Nurse_Sunita,2026-03-02 05:55:44,2026-03-02 05:58:46,2026-03-02 06:27:54
ALT00458,F001,General,HeartRate,144.6,bpm,High,Nurse_Rekha,2026-04-17 14:10:57,2026-04-17 14:20:52,2026-04-17 14:41:20
ALT00410,F003,General,HeartRate,48.7,bpm,Medium,Nurse_Hema,2026-03-04 12:17:17,2026-03-04 12:19:22,2026-03-04 12:42:31
ALT00093,F002,General,BloodPressure,134.2,mmHg,Low,Nurse_Geetha,2026-02-16 06:06:38,2026-02-16 06:14:21,2026-02-16 06:31:13
ALT00954,F003,Pediatric,HeartRate,51.7,bpm,Medium,Nurse_Lakshmi,2026-06-14 15:05:06,2026-06-14 15:08:49,2026-06-14 15:22:19
ALT00090,F003,General,BloodPressure,183.3,mmHg,High,Nurse_Hema,2026-05-15 03:08:37,2026-05-15 03:11:41,2026-05-15 03:44:45
ALT00337,F001,CCU,SpO2,72.4,%,High,Nurse_Deepa,2026-03-01 03:48:53,2026-03-01 03:56:29,2026-03-01 04:14:31
ALT00994,F001,ICU,HeartRate,139.2,bpm,High,Nurse_Kavitha,2026-03-25 15:02:07,2026-03-25 15:10:43,2026-03-25 15:23:21
ALT00926,F003,Pediatric,BloodPressure,189.7,mmHg,High,Nurse_Lakshmi,2026-01-31 14:52:37,,2026-01-31 15:37:24
ALT00938,F001,General,Temperature,36.7,C,Low,Nurse_Anita,2026-04-18 08:04:25,2026-04-18 08:11:44,2026-04-18 08:33:25
ALT00901,F003,General,HeartRate,76.8,bpm,Low,Nurse_Hema,2026-03-21 06:42:35,2026-03-21 06:45:35,
ALT00598,F002,ICU,Temperature,36.4,C,Low,Nurse_Bindhu,2026-03-01 14:29:30,2026-03-01 14:39:17,2026-03-01 14:59:50
ALT00616,F002,General,SpO2,85.6,%,Medium,Nurse_Padma,2026-06-18 22:54:37,2026-06-18 23:00:43,2026-06-18 23:27:39
ALT00095,F001,CCU,Temperature,35.6,C,Medium,Nurse_Deepa,2026-03-23 20:40:32,2026-03-23 20:48:56,2026-03-23 21:26:51
ALT00012,F002,ICU,Temperature,36.3,C,Low,Nurse_Usha,2026-02-23 17:16:53,2026-02-23 17:24:45,2026-02-23 17:48:37
ALT00397,F002,ICU,HeartRate,87.9,bpm,Low,Nurse_Bindhu,2026-02-08 14:51:33,2026-02-08 14:52:33,2026-03-22 15:25:58
ALT00536,F001,General,SpO2,97.5,%,Low,Nurse_Rekha,2026-01-28 15:36:39,2026-01-28 15:44:35,2026-01-28 16:06:19
ALT00044,F003,Pediatric,RespiratoryRate,19.3,rpm,Low,Nurse_Divya,2026-05-27 16:49:41,2026-05-27 16:54:41,
ALT00043,F002,ICU,BloodPressure,134.0,mmHg,Low,Nurse_Usha,2026-02-14 20:32:11,2026-02-14 20:39:12,2026-02-14 21:18:46
ALT00330,F001,CCU,SpO2,84.9,%,Medium,Nurse_Deepa,2026-01-23 04:03:35,2026-01-23 04:10:20,2026-01-23 04:42:20
ALT00168,F002,General,SpO2,95.6,%,Low,Nurse_Renu,2026-03-24 06:11:26,2026-03-24 06:17:57,2026-03-24 06:28:38
ALT00500,F001,General,HeartRate,70.9,bpm,Low,Nurse_Anita,2026-02-27 06:17:37,2026-02-27 06:18:45,2026-02-27 06:45:33
ALT00881,F002,ICU,SpO2,97.6,%,Low,Nurse_Usha,2026-01-29 23:43:23,2026-01-29 23:50:15,2026-01-30 00:27:48
ALT00602,F003,Pediatric,HeartRate,159.5,bpm,High,Nurse_Divya,2026-06-19 23:38:56,2026-06-19 23:44:32,2026-06-19 23:54:41
ALT00761,F001,CCU,RespiratoryRate,2.0,rpm,Low,Nurse_Saritha,2026-01-08 21:48:58,2026-01-08 21:54:28,2026-01-08 22:34:08
ALT00101,F001,ICU,SpO2,96.9,%,Low,Nurse_Meena,2026-02-06 22:29:17,2026-02-06 22:37:36,2026-02-06 22:50:45
ALT00427,F001,General,HeartRate,152.3,bpm,High,Nurse_Anita,2026-02-13 02:54:25,2026-02-13 03:01:35,2026-02-13 03:16:32
ALT00179,F002,ICU,BloodPressure,162.7,mmHg,High,Nurse_Nandini,2026-02-27 19:26:40,2026-02-27 19:32:50,2026-02-27 19:56:33
ALT00445,F002,ICU,SpO2,87.4,%,Medium,Nurse_Usha,2026-02-11 07:33:51,2026-02-11 07:43:23,2026-02-11 08:07:56
ALT00417,F001,CCU,Temperature,39.3,C,High,Nurse_Latha,2026-03-29 17:58:22,2026-03-29 18:01:57,2026-03-29 18:29:04
ALT00766,F001,CCU,HeartRate,71.5,bpm,Low,Nurse_Deepa,2026-04-04 18:10:14,2026-04-04 18:11:27,2026-04-04 18:46:06
ALT00887,F003,General,HeartRate,40.2,bpm,Medium,Nurse_Hema,2026-06-25 07:44:16,2026-06-25 07:52:57,
ALT00663,F002,General,RespiratoryRate,17.4,rpm,Low,Nurse_Geetha,2026-03-29 22:46:05,2026-03-29 22:54:26,2026-03-29 23:16:31
ALT00178,F001,General,RespiratoryRate,34.8,rpm,High,Nurse_Rekha,2026-05-10 07:00:12,2026-05-10 07:02:37,2026-05-10 07:30:28
ALT00396,F002,General,SpO2,91.1,%,Medium,Nurse_Padma,2026-06-27 23:25:20,2026-06-27 23:32:16,2026-06-28 00:03:26
ALT00681,F001,General,Temperature,36.5,C,Low,Nurse_Anita,2026-01-20 14:16:32,2026-01-20 14:17:58,2026-01-20 14:45:45
ALT00798,F001,General,SpO2,86.5,%,Medium,Nurse_Rekha,2026-01-27 01:06:26,2026-01-27 01:11:32,2026-01-27 01:37:35
ALT00966,F001,CCU,BloodPressure,137.8,mmHg,Low,Nurse_Saritha,2026-03-09 23:11:41,2026-03-09 23:19:40,2026-03-09 23:43:03
ALT00689,F002,ICU,SpO2,96.7,%,Low,Nurse_Nandini,2026-06-10 23:31:37,2026-06-10 23:33:14,2026-06-10 23:39:47
ALT00384,F002,ICU,HeartRate,76.2,bpm,Low,Nurse_Usha,2026-02-15 06:51:11,2026-02-15 06:59:33,2026-02-15 07:16:37
ALT00962,F001,General,RespiratoryRate,18.5,rpm,Low,Nurse_Rekha,2026-03-11 10:44:44,2026-03-11 10:47:04,2026-03-11 11:02:00
ALT00617,F001,ICU,RespiratoryRate,15.5,rpm,Low,Nurse_Priya,2026-01-28 02:02:30,2026-01-28 02:06:22,2026-01-28 02:40:26
ALT00258,F001,General,Temperature,37.1,C,Low,Nurse_Sunita,2026-02-13 09:28:23,2026-02-13 09:29:29,2026-02-13 09:47:08
ALT00336,F001,ICU,HeartRate,64.6,bpm,Low,Nurse_Priya,2026-06-03 23:20:51,2026-06-03 23:29:31,2026-06-04 00:05:40
ALT00016,F003,Pediatric,HeartRate,9.0,bpm,Low,Nurse_Lakshmi,2026-02-14 06:37:08,2026-02-14 06:38:11,2026-02-14 07:07:58
ALT00634,F002,ICU,SpO2,95.8,%,Low,Nurse_Bindhu,2026-03-14 14:09:14,2026-03-14 14:18:46,2026-03-14 14:27:52
ALT00325,F001,General,HeartRate,66.3,bpm,Low,Nurse_Rekha,2026-02-07 16:31:54,2026-02-07 16:39:58,2026-02-07 17:12:16
ALT00763,F003,Pediatric,SpO2,95.9,%,Low,Nurse_Divya,2026-03-28 22:58:11,2026-03-28 23:04:57,2026-03-28 23:18:05
ALT00223,F001,General,SpO2,98.1,%,Low,Nurse_Rekha,2026-06-01 14:28:11,2026-06-01 14:36:55,2026-06-01 15:16:01
ALT00180,F003,General,Temperature,36.6,C,Low,Nurse_Vijaya,2026-06-08 06:53:53,2026-06-08 07:03:19,
ALT00989,F001,ICU,SpO2,95.7,%,Low,Nurse_Meena,2026-03-19 14:02:13,2026-03-19 14:03:27,2026-03-19 14:29:45
ALT00023,F002,ICU,BloodPressure,175.9,mmHg,High,Nurse_Usha,2026-02-26 15:32:22,2026-02-26 15:33:52,2026-02-26 15:56:39
ALT00357,F001,CCU,RespiratoryRate,28.9,rpm,High,Nurse_Latha,2026-02-21 18:35:56,2026-02-21 18:45:32,2026-02-21 19:24:42
ALT00671,F003,General,BloodPressure,83.0,mmHg,Medium,Nurse_Smitha,2026-05-21 16:44:18,2026-05-21 16:50:21,2026-05-21 17:13:07
ALT00866,F001,ICU,HeartRate,98.9,bpm,Low,Nurse_Priya,2026-05-19 15:27:10,2026-05-19 15:33:35,2026-05-19 16:00:52
ALT00341,F003,General,RespiratoryRate,15.5,rpm,Low,Nurse_Hema,2026-06-07 23:44:48,2026-06-07 23:52:21,2026-06-08 00:14:13
ALT00432,F003,General,SpO2,97.7,%,Low,Nurse_Vijaya,2026-05-19 23:02:36,2026-05-19 23:04:27,2026-05-19 23:32:45
ALT00830,F002,General,HeartRate,74.2,bpm,Low,Nurse_Geetha,2026-03-06 00:48:51,2026-03-06 00:49:54,2026-03-06 01:26:03
ALT00838,F002,General,Temperature,36.9,C,Low,Nurse_Geetha,2026-03-27 07:13:01,2026-03-27 07:19:31,2026-03-27 07:31:07
ALT00204,F003,Pediatric,HeartRate,68.9,bpm,Low,Nurse_Pooja,2026-06-14 15:02:27,2026-06-14 15:04:46,2026-06-14 15:18:54
ALT00635,F002,General,Temperature,40.1,C,High,Nurse_Renu,2026-03-30 07:12:25,2026-03-30 07:15:49,2026-03-30 07:46:56
ALT00094,F003,General,SpO2,78.7,%,High,Nurse_Smitha,2026-06-04 19:48:26,2026-06-04 19:56:41,2026-06-04 20:14:29
ALT00967,F001,CCU,SpO2,94.1,%,Low,Nurse_Saritha,2026-04-16 05:00:38,2026-04-16 05:08:14,2026-04-16 05:21:20
ALT00069,F002,ICU,BloodPressure,133.8,mmHg,Low,Nurse_Usha,2026-01-27 07:04:03,2026-01-27 07:10:24,2026-01-27 07:44:15
ALT00627,F001,General,BloodPressure,88.6,mmHg,Medium,Nurse_Rekha,2026-02-24 03:50:12,2026-02-24 03:58:56,2026-02-24 04:09:33
ALT00285,F003,General,HeartRate,83.7,bpm,Low,Nurse_Smitha,2026-02-12 23:44:03,2026-02-12 23:51:23,2026-02-13 00:08:41
ALT00809,F003,Pediatric,HeartRate,151.8,bpm,High,Nurse_Pooja,2026-04-13 06:45:52,2026-04-13 06:48:31,2026-04-13 07:21:58
ALT00435,F001,ICU,Temperature,36.2,C,Low,Nurse_Meena,2026-05-22 22:09:46,2026-05-22 22:12:12,2026-05-22 22:20:24
ALT00154,F003,General,RespiratoryRate,16.0,rpm,Low,Nurse_Smitha,2026-06-27 07:46:21,2026-06-27 07:50:36,
ALT00076,F002,ICU,BloodPressure,126.6,mmHg,Low,Nurse_Usha,2026-04-20 07:19:32,2026-04-20 07:21:22,2026-04-20 08:01:06
ALT00735,F001,CCU,Temperature,36.6,C,Low,Nurse_Saritha,2026-02-11 22:39:01,2026-02-11 22:43:55,2026-02-11 23:01:47
ALT00447,F001,CCU,HeartRate,99.9,bpm,Low,Nurse_Saritha,2026-06-18 00:48:22,2026-06-18 00:38:22,2026-06-18 01:16:24
ALT00189,F001,ICU,RespiratoryRate,9.4,rpm,Medium,Nurse_Meena,2026-04-15 22:28:52,2026-04-15 22:34:29,2026-04-15 22:55:29
ALT00272,F002,ICU,SpO2,85.4,%,Medium,Nurse_Bindhu,2026-05-09 07:57:19,2026-05-09 08:06:22,2026-05-09 08:27:25
ALT00237,F001,ICU,RespiratoryRate,16.8,rpm,Low,Nurse_Kavitha,2026-01-22 07:32:09,2026-01-22 07:38:19,2026-01-22 07:58:08
ALT00488,F002,General,BloodPressure,170.6,mmHg,High,Nurse_Padma,2026-04-20 22:36:31,2026-04-20 22:38:41,2026-04-20 23:03:22
ALT00118,F001,CCU,HeartRate,77.2,bpm,Low,Nurse_Deepa,2026-03-20 06:55:07,2026-03-20 06:59:45,2026-03-20 07:27:09
ALT00823,F001,General,HeartRate,45.8,bpm,Medium,Nurse_Anita,2026-06-19 12:02:40,2026-06-19 12:11:24,2026-06-19 12:49:33
ALT00513,F001,CCU,HeartRate,56.4,bpm,Medium,Nurse_Deepa,2026-01-01 14:07:35,2026-01-01 14:10:42,2026-01-01 14:40:16
ALT00799,F002,ICU,SpO2,98.2,%,Low,Nurse_Usha,2026-02-27 23:07:07,2026-02-27 23:13:17,2026-02-27 23:40:22
ALT00596,F003,General,RespiratoryRate,17.6,rpm,Low,Nurse_Smitha,2026-06-15 16:27:41,2026-06-15 16:30:21,2026-06-15 16:58:55
ALT00127,F001,General,BloodPressure,112.0,mmHg,Low,Nurse_Anita,2026-04-18 14:52:00,2026-04-18 14:53:51,2026-04-18 15:22:36
ALT00117,F001,ICU,Temperature,36.4,C,Low,Nurse_Priya,2026-03-31 07:24:16,2026-03-31 07:30:18,2026-03-31 07:58:41
ALT00474,F002,General,BloodPressure,91.0,mmHg,Medium,Nurse_Padma,2026-06-09 06:38:31,2026-06-09 06:42:20,2026-06-09 07:08:44
ALT00698,F002,General,SpO2,94.1,%,Low,Nurse_Geetha,2026-02-18 22:26:19,2026-02-18 22:33:01,2026-02-18 23:10:00
ALT00058,F001,ICU,RespiratoryRate,9.0,rpm,Medium,Nurse_Kavitha,2026-06-03 07:22:58,2026-06-03 07:31:53,2026-06-03 08:01:26
ALT00679,F002,General,RespiratoryRate,17.8,rpm,Low,Nurse_Geetha,2026-06-08 22:21:38,2026-06-08 22:30:33,2026-06-08 22:53:46
ALT00917,F002,General,HeartRate,82.7,bpm,Low,Nurse_Padma,2026-04-23 02:58:31,2026-04-23 03:02:53,2026-04-23 03:30:01
ALT00370,F001,ICU,Temperature,35.8,C,Medium,Nurse_Meena,2026-02-09 13:49:11,2026-02-09 13:52:51,2026-02-09 14:20:02
ALT00269,F003,Pediatric,BloodPressure,133.5,mmHg,Low,Nurse_Pooja,2026-01-16 14:12:07,2026-01-16 14:19:47,2026-01-16 14:33:16
ALT00047,F001,General,HeartRate,54.5,bpm,Medium,Nurse_Rekha,2026-06-12 23:01:08,2026-06-12 23:05:33,2026-06-12 23:10:45
ALT00350,F002,ICU,HeartRate,75.5,bpm,Low,Nurse_Usha,2026-04-15 03:21:17,2026-04-15 03:27:42,2026-04-15 04:03:35
ALT00196,F001,ICU,HeartRate,96.7,bpm,Low,Nurse_Priya,2026-01-26 05:23:08,2026-01-26 05:29:19,2026-01-26 05:54:32
ALT00560,F001,General,RespiratoryRate,10.2,rpm,Medium,Nurse_Anita,2026-02-24 20:53:46,2026-02-24 20:54:52,2026-02-24 21:15:47
ALT00893,F003,General,HeartRate,43.1,bpm,Medium,Nurse_Smitha,2026-03-04 15:34:24,2026-03-04 15:41:40,2026-03-04 15:59:05
ALT00741,F003,Pediatric,HeartRate,65.6,bpm,Low,Nurse_Lakshmi,2026-03-20 23:06:03,2026-03-20 23:14:55,2026-03-20 23:30:37
ALT00264,F003,Pediatric,RespiratoryRate,10.2,rpm,Medium,Nurse_Lakshmi,2026-03-08 22:28:33,2026-03-08 22:30:37,2026-03-08 23:07:06
ALT00444,F003,Pediatric,RespiratoryRate,17.9,rpm,Low,Nurse_Pooja,2026-05-23 22:17:29,2026-05-23 22:26:00,
ALT00680,F001,CCU,RespiratoryRate,19.1,rpm,Low,Nurse_Latha,2026-02-26 23:10:49,2026-02-26 23:16:41,2026-02-26 23:30:44
ALT00305,F001,General,HeartRate,76.8,bpm,Low,Nurse_Sunita,2026-05-22 13:53:55,2026-05-22 13:58:39,2026-05-22 14:08:50
ALT00342,F002,ICU,RespiratoryRate,19.5,rpm,Low,Nurse_Usha,2026-06-10 13:42:26,2026-06-10 13:47:59,2026-06-10 14:09:24
ALT00603,F001,General,HeartRate,89.5,bpm,Low,Nurse_Rekha,2026-02-11 13:09:00,2026-02-11 13:17:28,2026-02-11 13:39:54
ALT00972,F001,General,BloodPressure,106.4,mmHg,Medium,Nurse_Anita,2026-04-09 07:43:45,2026-04-09 07:50:32,2026-04-09 08:12:54
ALT00150,F003,General,HeartRate,63.1,bpm,Low,Nurse_Hema,2026-01-28 14:23:10,2026-01-28 14:25:24,2026-01-28 14:43:15
ALT00125,F003,General,RespiratoryRate,16.0,rpm,Low,Nurse_Vijaya,2026-06-13 07:20:44,2026-06-13 07:30:22,2026-06-13 07:51:08
ALT00791,F001,General,Temperature,37.1,C,Low,Nurse_Sunita,2026-02-24 05:49:28,2026-02-24 05:51:59,2026-02-24 06:12:36
ALT00827,F002,ICU,BloodPressure,112.3,mmHg,Low,Nurse_Usha,2026-03-22 22:57:36,2026-03-22 23:06:09,2026-03-22 23:29:08
ALT00051,F001,ICU,Temperature,35.8,C,Medium,Nurse_Kavitha,2026-01-04 14:14:08,2026-01-04 14:21:00,2026-01-04 14:52:24
ALT00354,F001,General,SpO2,97.7,%,Low,Nurse_Anita,2026-04-13 17:09:25,2026-04-13 17:17:59,2026-04-13 17:32:59
ALT00932,F001,General,SpO2,97.9,%,Low,Nurse_Rekha,2026-06-25 12:16:45,2026-06-25 12:19:27,2026-06-25 12:34:10
ALT00143,F002,ICU,SpO2,98.1,%,Low,Nurse_Usha,2026-03-25 15:10:15,2026-03-25 15:11:49,2026-03-25 15:43:59
ALT00471,F001,CCU,SpO2,97.4,%,Low,Nurse_Latha,2026-02-18 07:38:47,2026-02-18 07:43:01,2026-02-18 08:12:06
ALT00400,F002,General,SpO2,94.8,%,Low,Nurse_Geetha,2026-01-07 22:44:32,2026-01-07 22:45:52,2026-01-07 22:59:14
ALT00630,F001,CCU,SpO2,96.0,%,Low,Nurse_Deepa,2026-04-24 10:16:31,2026-04-24 10:23:10,2026-04-24 10:39:09
ALT00321,F003,General,Temperature,35.8,C,Medium,Nurse_Vijaya,2026-01-18 14:46:42,2026-01-18 14:49:21,2026-01-18 15:18:09
ALT00020,F002,ICU,SpO2,97.3,%,Low,Nurse_Nandini,2026-05-26 10:39:21,2026-05-26 10:45:13,2026-05-26 10:50:44
ALT00814,F002,ICU,RespiratoryRate,13.7,rpm,Low,Nurse_Bindhu,2026-01-07 07:08:26,2026-01-07 07:12:40,2026-01-07 07:22:10
ALT00834,F003,General,Temperature,36.6,C,Low,Nurse_Hema,2026-02-05 23:17:42,2026-02-05 23:23:10,2026-02-05 23:52:01
ALT00882,F003,Pediatric,HeartRate,95.6,bpm,Low,Nurse_Pooja,2026-03-06 20:33:59,2026-03-06 20:41:58,2026-03-06 21:00:32
ALT00408,F003,General,HeartRate,90.6,bpm,Low,Nurse_Smitha,2026-05-02 15:30:30,2026-05-02 15:36:22,
ALT00538,F001,ICU,HeartRate,94.1,bpm,Low,Nurse_Meena,2026-06-29 11:06:29,2026-06-29 11:10:33,2026-06-29 11:44:59
ALT00868,F002,ICU,HeartRate,82.3,bpm,Low,Nurse_Usha,2026-01-16 07:54:15,2026-01-16 08:03:52,2026-01-16 08:41:06
ALT00039,F001,CCU,RespiratoryRate,9.4,rpm,Medium,Nurse_Deepa,2026-02-24 22:38:23,2026-02-24 22:43:21,2026-02-24 22:55:50
ALT00176,F001,ICU,HeartRate,97.0,bpm,Low,Nurse_Kavitha,2026-01-08 13:43:38,2026-01-08 13:50:32,2026-01-08 14:21:41
ALT00246,F003,Pediatric,Temperature,36.5,C,Low,Nurse_Pooja,2026-01-26 14:10:53,2026-01-26 14:12:34,2026-01-26 14:45:22
ALT00833,F001,General,SpO2,94.9,%,Low,Nurse_Sunita,2026-03-06 15:54:09,2026-03-06 15:55:31,2026-03-06 16:14:20
ALT00738,F003,General,Temperature,36.4,C,Low,Nurse_Hema,2026-04-19 23:47:37,2026-04-19 23:55:33,
ALT00759,F002,ICU,RespiratoryRate,17.0,rpm,Low,Nurse_Nandini,2026-04-03 06:00:01,2026-04-03 06:06:38,2026-04-03 06:44:20
ALT00906,F003,General,RespiratoryRate,18.4,rpm,Low,Nurse_Vijaya,2026-06-12 15:14:13,2026-06-12 15:19:45,2026-06-12 15:46:51
ALT00155,F003,General,HeartRate,50.0,bpm,Medium,Nurse_Hema,2026-06-09 15:45:40,2026-06-09 15:53:36,2026-06-09 16:27:25
ALT00288,F003,Pediatric,BloodPressure,113.0,mmHg,Low,Nurse_Lakshmi,2026-03-09 05:54:43,2026-03-09 05:58:26,2026-03-09 06:08:13
ALT00614,F001,CCU,HeartRate,49.6,bpm,Medium,Nurse_Saritha,2026-03-18 06:41:50,2026-03-18 06:45:32,2026-03-18 07:13:46
ALT00570,F002,General,RespiratoryRate,8.7,rpm,Medium,Nurse_Padma,2026-02-24 14:10:08,2026-02-24 14:14:29,2026-02-24 14:29:34
ALT00969,F003,Pediatric,SpO2,85.7,%,Medium,Nurse_Lakshmi,2026-01-12 06:54:23,2026-01-12 06:58:45,2026-01-12 07:25:51
ALT00018,F003,Pediatric,HeartRate,76.4,bpm,Low,Nurse_Lakshmi,2026-01-17 23:29:14,2026-01-17 23:38:01,2026-01-17 23:44:55
ALT00128,F002,ICU,HeartRate,132.4,bpm,High,Nurse_Nandini,2026-01-15 16:05:18,2026-01-15 16:12:13,2026-01-15 16:40:23
ALT00323,F002,ICU,BloodPressure,122.4,mmHg,Low,Nurse_Nandini,2026-06-10 23:24:14,2026-06-10 23:33:04,2026-06-10 23:43:21
ALT00256,F003,Pediatric,HeartRate,84.0,bpm,Low,Nurse_Lakshmi,2026-02-14 14:26:13,2026-02-14 14:33:43,2026-02-14 14:48:41
ALT00985,F002,General,SpO2,95.3,%,Low,Nurse_Renu,2026-02-22 16:23:32,2026-02-22 16:30:49,2026-02-22 16:53:26
ALT00970,F001,ICU,SpO2,95.0,%,Low,Nurse_Meena,2026-03-22 23:36:53,2026-03-22 23:42:18,2026-03-23 00:11:04
ALT00191,F001,ICU,RespiratoryRate,17.8,rpm,Low,Nurse_Kavitha,2026-01-06 07:49:40,2026-01-06 07:59:21,2026-01-06 08:17:27
ALT00116,F002,General,SpO2,95.0,%,Low,Nurse_Renu,2026-05-01 15:38:45,2026-05-01 15:48:16,2026-05-01 16:20:07
ALT00621,F001,General,BloodPressure,82.6,mmHg,Medium,Nurse_Sunita,2026-06-12 14:42:00,2026-06-12 14:51:29,2026-06-12 15:21:50
ALT00607,F002,General,SpO2,96.3,%,Low,Nurse_Geetha,2026-04-13 22:43:16,2026-04-13 22:49:20,2026-04-13 22:59:48
ALT00181,F003,General,BloodPressure,129.2,mmHg,Low,Nurse_Vijaya,2026-04-13 14:18:42,2026-04-13 14:24:26,2026-04-13 15:00:33
ALT00302,F003,Pediatric,RespiratoryRate,32.1,rpm,High,Nurse_Divya,2026-06-08 06:25:40,2026-06-08 06:31:12,2026-06-08 07:07:43
ALT00889,F002,General,SpO2,74.4,%,High,Nurse_Padma,2026-02-05 14:21:52,2026-02-05 14:29:12,2026-02-05 14:50:52
ALT00717,F001,General,Temperature,36.8,C,Low,Nurse_Sunita,2026-02-24 06:21:18,2026-02-24 06:14:18,2026-02-24 06:42:39
ALT00850,F001,ICU,RespiratoryRate,13.1,rpm,Low,Nurse_Meena,2026-02-12 07:56:47,2026-02-12 08:05:38,2026-02-12 08:12:27
ALT00690,F001,General,HeartRate,90.5,bpm,Low,Nurse_Rekha,2026-05-21 23:53:45,2026-05-21 23:54:45,2026-05-21 23:54:47
ALT00666,F002,General,BloodPressure,122.5,mmHg,Low,Nurse_Geetha,2026-06-08 23:18:32,2026-06-08 23:28:00,2026-06-08 23:55:51
ALT00518,F001,ICU,RespiratoryRate,25.8,rpm,High,Nurse_Meena,2026-03-28 22:30:05,2026-03-28 22:37:40,2026-03-28 23:01:05
ALT00990,F003,Pediatric,BloodPressure,136.0,mmHg,Low,Nurse_Divya,2026-02-08 23:53:14,2026-02-09 00:01:17,2026-02-09 00:38:47
ALT00046,F001,CCU,SpO2,80.8,%,Medium,Nurse_Deepa,2026-01-25 23:09:33,2026-01-25 23:14:13,2026-01-25 23:38:12
ALT00914,F001,General,RespiratoryRate,17.5,rpm,Low,Nurse_Sunita,2026-06-11 07:14:57,2026-06-11 07:17:05,2026-06-11 07:31:40
ALT00158,F001,ICU,HeartRate,63.7,bpm,Low,Nurse_Meena,2026-06-22 23:19:20,2026-06-22 23:26:06,2026-06-22 23:51:49
ALT00818,F002,General,RespiratoryRate,19.0,rpm,Low,Nurse_Geetha,2026-03-01 14:49:27,2026-03-01 14:52:29,2026-03-01 14:57:50
ALT00172,F002,ICU,SpO2,85.3,%,Medium,Nurse_Bindhu,2026-01-04 07:26:33,2026-01-04 07:27:33,2026-03-22 15:25:57
ALT00017,F001,ICU,SpO2,94.7,%,Low,Nurse_Kavitha,2026-01-13 23:31:13,2026-01-13 23:40:38,2026-01-14 00:05:37
ALT00512,F002,General,Temperature,37.2,C,Low,Nurse_Renu,2026-06-26 06:37:48,2026-06-26 06:42:27,2026-06-26 06:51:55
ALT00049,F002,General,HeartRate,96.3,bpm,Low,Nurse_Renu,2026-01-30 07:39:35,2026-01-30 07:45:55,2026-01-30 08:14:07
ALT00977,F001,ICU,HeartRate,90.3,bpm,Low,Nurse_Priya,2026-02-06 18:17:16,2026-02-06 18:26:29,2026-02-06 18:33:39
ALT00845,F001,CCU,RespiratoryRate,13.5,rpm,Low,Nurse_Saritha,2026-06-28 23:09:53,2026-06-28 23:15:50,
ALT00516,F002,General,SpO2,75.6,%,High,Nurse_Padma,2026-06-10 20:16:34,2026-06-10 20:21:39,2026-06-10 20:41:30
ALT00828,F002,General,BloodPressure,104.7,mmHg,Medium,Nurse_Geetha,2026-03-09 23:15:08,2026-03-09 23:23:51,2026-03-09 23:39:00
ALT00481,F002,General,SpO2,97.1,%,Low,Nurse_Padma,2026-02-25 17:07:08,2026-02-25 17:09:12,2026-02-25 17:18:48
ALT00284,F003,General,BloodPressure,107.5,mmHg,Medium,Nurse_Smitha,2026-04-29 23:03:15,2026-04-29 23:09:26,
ALT00723,F001,ICU,SpO2,97.3,%,Low,Nurse_Meena,2026-06-13 12:43:15,2026-06-13 12:50:30,2026-06-13 13:29:52
ALT00685,F002,ICU,SpO2,96.8,%,Low,Nurse_Nandini,2026-02-08 23:33:07,2026-02-08 23:41:07,2026-02-09 00:16:38
ALT00226,F001,General,BloodPressure,99.5,mmHg,Medium,Nurse_Anita,2026-01-13 10:45:55,2026-01-13 10:48:10,2026-01-13 11:03:46
ALT00027,F001,CCU,HeartRate,50.0,bpm,Medium,Nurse_Latha,2026-02-24 10:52:26,2026-02-24 10:59:27,2026-02-24 11:23:51
ALT00787,F001,CCU,BloodPressure,90.7,mmHg,Medium,Nurse_Deepa,2026-06-06 23:48:10,2026-06-06 23:54:44,2026-06-07 00:22:47
ALT00438,F001,CCU,HeartRate,45.2,bpm,Medium,Nurse_Saritha,2026-02-04 14:20:53,2026-02-04 14:29:22,2026-02-04 15:06:23
ALT00976,F001,ICU,RespiratoryRate,27.6,rpm,High,Nurse_Meena,2026-05-06 15:59:38,2026-05-06 16:00:54,2026-05-06 16:17:44
ALT00365,F002,General,RespiratoryRate,32.7,rpm,High,Nurse_Renu,2026-02-04 06:10:12,2026-02-04 06:16:00,2026-02-04 06:42:57
ALT00230,F002,ICU,SpO2,82.0,%,Medium,Nurse_Nandini,2026-03-09 23:37:47,2026-03-09 23:47:46,2026-03-10 00:09:40
ALT00038,F002,General,BloodPressure,138.2,mmHg,Low,Nurse_Padma,2026-03-14 07:12:10,2026-03-14 07:19:16,2026-03-14 07:55:52
ALT00971,F002,General,SpO2,97.3,%,Low,Nurse_Renu,2026-05-26 22:01:50,2026-05-26 22:04:40,2026-05-26 22:38:01
ALT00375,F002,General,HeartRate,77.1,bpm,Low,Nurse_Renu,2026-04-16 14:51:50,2026-04-16 14:52:53,2026-04-16 15:06:30
ALT00470,F003,Pediatric,HeartRate,157.3,bpm,High,Nurse_Pooja,2026-03-21 17:46:45,2026-03-21 17:50:13,2026-03-21 18:22:29
ALT00973,F002,General,Temperature,36.3,C,Low,Nurse_Renu,2026-03-05 09:05:53,2026-03-05 09:07:29,2026-03-05 09:27:27
ALT00855,F001,ICU,BloodPressure,124.7,mmHg,Low,Nurse_Kavitha,2026-02-03 07:19:15,2026-02-03 07:26:49,2026-02-03 07:54:29
ALT00709,F001,CCU,RespiratoryRate,13.6,rpm,Low,Nurse_Saritha,2026-01-20 22:31:20,2026-01-20 22:38:59,2026-01-20 23:07:30
ALT00844,F001,CCU,SpO2,97.5,%,Low,Nurse_Latha,2026-04-19 23:52:39,2026-04-20 00:01:59,2026-04-20 00:09:36
ALT00195,F003,General,RespiratoryRate,17.6,rpm,Low,Nurse_Smitha,2026-02-07 06:28:21,2026-02-07 06:29:47,
ALT00859,F001,General,Temperature,36.6,C,Low,Nurse_Anita,2026-06-10 15:07:33,2026-06-10 15:10:45,2026-06-10 15:34:46
ALT00869,F001,ICU,SpO2,98.7,%,Low,Nurse_Kavitha,2026-03-24 20:52:40,2026-03-24 20:57:27,2026-03-24 21:09:50
ALT00504,F002,ICU,Temperature,35.5,C,Medium,Nurse_Usha,2026-03-26 23:41:06,2026-03-26 23:44:11,2026-03-26 23:57:01
ALT00975,F003,Pediatric,BloodPressure,127.3,mmHg,Low,Nurse_Pooja,2026-05-07 07:18:26,2026-05-07 07:27:07,2026-05-07 08:04:44
ALT00835,F003,Pediatric,SpO2,81.7,%,Medium,Nurse_Divya,2026-05-11 16:17:47,2026-05-11 16:27:24,2026-05-11 17:00:09
ALT00580,F002,General,BloodPressure,139.7,mmHg,Low,Nurse_Geetha,2026-05-31 07:13:35,2026-05-31 07:19:19,2026-05-31 07:36:03
ALT00974,F001,ICU,HeartRate,84.1,bpm,Low,Nurse_Priya,2026-05-21 06:31:48,2026-05-21 06:35:46,2026-05-21 06:48:37
ALT00163,F003,Pediatric,SpO2,92.1,%,Medium,Nurse_Lakshmi,2026-06-23 06:48:10,2026-06-23 06:55:39,2026-06-23 07:07:18
ALT00707,F003,General,Temperature,35.8,C,Medium,Nurse_Vijaya,2026-03-08 06:14:34,,2026-03-08 06:51:31
ALT00153,F003,Pediatric,RespiratoryRate,33.5,rpm,High,Nurse_Divya,2026-03-04 22:18:38,2026-03-04 22:26:02,2026-03-04 23:03:29
ALT00686,F002,General,RespiratoryRate,16.0,rpm,Low,Nurse_Renu,2026-06-17 15:52:25,2026-06-17 15:57:47,2026-06-17 16:18:48
ALT00705,F003,General,HeartRate,75.7,bpm,Low,Nurse_Vijaya,2026-04-11 01:00:56,2026-04-11 01:02:40,2026-04-11 01:38:21
ALT00760,F002,ICU,HeartRate,40.2,bpm,Medium,Nurse_Bindhu,2026-01-20 06:25:28,2026-01-20 06:28:23,2026-01-20 06:41:05
ALT00112,F002,ICU,Temperature,36.3,C,Low,Nurse_Usha,2026-06-17 05:38:38,2026-06-17 05:45:58,2026-06-17 06:01:47
ALT00227,F001,General,HeartRate,76.0,bpm,Low,Nurse_Rekha,2026-01-14 07:31:45,2026-01-14 07:37:19,2026-01-14 08:14:32
ALT00693,F001,CCU,RespiratoryRate,15.8,rpm,Low,Nurse_Latha,2026-04-14 22:33:58,2026-04-14 22:43:02,2026-04-14 22:52:14
ALT00104,F002,ICU,Temperature,42.8,C,Low,Nurse_Nandini,2026-04-01 16:34:59,2026-04-01 16:43:47,2026-04-01 17:07:02
ALT00422,F001,General,HeartRate,74.3,bpm,Low,Nurse_Rekha,2026-04-23 07:01:47,2026-04-23 07:11:01,2026-04-23 07:46:16
ALT00420,F001,ICU,BloodPressure,86.1,mmHg,Medium,Nurse_Meena,2026-02-15 07:06:54,2026-02-15 07:11:28,2026-02-15 07:19:49
ALT00755,F003,General,SpO2,97.8,%,Low,Nurse_Smitha,2026-02-22 15:10:17,2026-02-22 15:17:23,2026-02-22 15:27:45
ALT00587,F002,ICU,SpO2,90.4,%,Medium,Nurse_Usha,2026-05-16 14:52:18,2026-05-16 14:55:45,2026-05-16 15:25:10
ALT00785,F003,Pediatric,RespiratoryRate,19.1,rpm,Low,Nurse_Pooja,2026-03-27 15:21:40,2026-03-27 15:31:40,2026-03-27 16:05:15
ALT00673,F001,ICU,HeartRate,93.4,bpm,Low,Nurse_Kavitha,2026-06-24 12:49:49,2026-06-24 12:55:05,2026-06-24 13:10:07
ALT00120,F002,ICU,SpO2,97.9,%,Low,Nurse_Nandini,2026-06-06 16:39:55,2026-06-06 16:41:36,2026-06-06 17:08:46
ALT00054,F001,CCU,Temperature,36.9,C,Low,Nurse_Latha,2026-02-13 17:06:33,2026-02-13 17:14:48,2026-02-13 17:47:40
ALT00152,F001,General,BloodPressure,137.0,mmHg,Low,Nurse_Sunita,2026-01-23 01:47:37,2026-01-23 01:52:37,2026-01-23 02:00:41
ALT00404,F003,Pediatric,RespiratoryRate,15.7,rpm,Low,Nurse_Lakshmi,2026-05-17 08:17:04,2026-05-17 08:23:21,2026-05-17 08:29:18
ALT00950,F003,General,RespiratoryRate,19.3,rpm,Low,Nurse_Smitha,2026-05-09 23:12:41,2026-05-09 23:16:18,2026-05-09 23:22:25
ALT00208,F001,CCU,Temperature,36.8,C,Low,Nurse_Deepa,2026-01-02 14:03:28,2026-01-02 14:10:00,2026-01-02 14:31:55
ALT00659,F002,General,HeartRate,53.2,bpm,Medium,Nurse_Padma,2026-01-16 07:07:01,2026-01-16 07:09:43,2026-01-16 07:15:39
ALT00848,F002,ICU,HeartRate,84.3,bpm,Low,Nurse_Bindhu,2026-03-20 22:49:29,2026-03-20 22:52:21,2026-03-20 22:57:28
ALT00836,F001,ICU,SpO2,98.9,%,Low,Nurse_Meena,2026-02-12 13:42:04,2026-02-12 13:49:42,2026-02-12 14:09:55
ALT00009,F002,General,Temperature,36.2,C,Low,Nurse_Padma,2026-02-09 11:27:56,2026-02-09 11:29:21,2026-02-09 11:38:12
ALT00812,F003,General,HeartRate,97.8,bpm,Low,Nurse_Smitha,2026-04-02 22:10:38,2026-04-02 22:11:38,
ALT00037,F002,ICU,BloodPressure,178.7,mmHg,High,Nurse_Nandini,2026-03-19 15:12:17,2026-03-19 15:19:15,2026-03-19 15:28:37
ALT00453,F002,ICU,Temperature,39.8,C,High,Nurse_Bindhu,2026-05-15 13:58:18,2026-05-15 13:59:18,2026-05-15 13:59:20
ALT00652,F002,General,RespiratoryRate,14.7,rpm,Low,Nurse_Padma,2026-04-21 15:05:31,2026-04-21 15:10:42,2026-04-21 15:23:32
ALT00254,F003,General,Temperature,36.8,C,Low,Nurse_Hema,2026-06-28 22:36:05,2026-06-28 22:41:02,2026-06-28 23:11:20
ALT00304,F003,General,HeartRate,122.7,bpm,High,Nurse_Hema,2026-02-16 10:04:08,2026-02-16 10:08:38,
ALT00751,F001,ICU,RespiratoryRate,19.3,rpm,Low,Nurse_Priya,2026-06-09 23:34:26,2026-06-09 23:41:43,2026-06-10 00:12:00
ALT00572,F003,General,Temperature,36.4,C,Low,Nurse_Smitha,2026-02-12 14:36:03,2026-02-12 14:38:43,2026-02-12 15:03:24
ALT00624,F001,General,SpO2,81.5,%,Medium,Nurse_Rekha,2026-06-05 22:23:39,2026-06-05 22:29:34,
ALT00714,F003,General,BloodPressure,123.0,mmHg,Low,Nurse_Smitha,2026-03-01 23:06:01,2026-03-01 23:07:14,
ALT00724,F001,CCU,RespiratoryRate,13.3,rpm,Low,Nurse_Latha,2026-06-23 08:26:25,2026-06-23 08:31:30,2026-06-23 09:04:07
ALT00263,F001,CCU,RespiratoryRate,12.1,rpm,Low,Nurse_Latha,2026-04-29 06:45:10,2026-04-29 06:50:38,2026-04-29 07:07:46
ALT00611,F001,General,HeartRate,63.9,bpm,Low,Nurse_Anita,2026-01-05 22:24:41,2026-01-05 22:30:05,2026-01-05 22:59:15
ALT00298,F001,CCU,SpO2,95.5,%,Low,Nurse_Latha,2026-06-01 14:00:17,2026-06-01 14:07:14,2026-06-01 14:33:15
ALT00415,F002,General,RespiratoryRate,8.3,rpm,Medium,Nurse_Geetha,2026-05-05 14:30:47,2026-05-05 14:38:29,2026-05-05 14:52:35
ALT00151,F001,ICU,HeartRate,70.5,bpm,Low,Nurse_Priya,2026-05-13 15:58:55,2026-05-13 16:02:15,2026-05-13 16:22:53
ALT00793,F003,Pediatric,SpO2,88.7,%,Medium,Nurse_Pooja,2026-02-09 15:57:28,2026-02-09 16:06:46,2026-02-09 16:33:56
ALT00641,F001,ICU,RespiratoryRate,15.4,rpm,Low,Nurse_Kavitha,2026-01-08 14:47:49,2026-01-08 14:56:57,2026-01-08 15:11:10
ALT00894,F001,ICU,RespiratoryRate,9.8,rpm,Medium,Nurse_Meena,2026-05-21 06:46:21,2026-05-21 06:50:16,2026-05-21 07:29:47
ALT00551,F002,ICU,BloodPressure,123.0,mmHg,Low,Nurse_Bindhu,2026-05-01 23:23:58,2026-05-01 23:27:58,2026-05-02 00:01:09
ALT00802,F002,General,HeartRate,43.7,bpm,Medium,Nurse_Padma,2026-03-12 14:18:33,2026-03-12 14:27:15,2026-03-12 14:46:02
ALT00489,F002,General,RespiratoryRate,12.2,rpm,Low,Nurse_Geetha,2026-06-09 14:12:37,2026-06-09 14:10:37,2026-06-09 14:28:22
ALT00148,F002,General,BloodPressure,130.1,mmHg,Low,Nurse_Padma,2026-04-26 02:30:26,2026-04-26 02:35:06,2026-04-26 02:58:03
ALT00147,F001,General,HeartRate,77.8,bpm,Low,Nurse_Anita,2026-02-23 23:27:52,2026-02-23 23:32:53,2026-02-24 00:03:20
ALT00897,F003,Pediatric,RespiratoryRate,30.8,rpm,High,Nurse_Lakshmi,2026-03-04 15:43:46,2026-03-04 15:44:54,2026-03-04 16:18:23
ALT00936,F002,ICU,RespiratoryRate,19.2,rpm,Low,Nurse_Usha,2026-01-09 06:14:40,2026-01-09 06:20:51,2026-01-09 06:34:12
ALT00744,F001,General,BloodPressure,162.8,mmHg,High,Nurse_Sunita,2026-03-27 15:40:22,2026-03-27 15:42:18,2026-03-27 16:06:39
ALT00660,F001,ICU,HeartRate,63.4,bpm,Low,Nurse_Kavitha,2026-06-01 13:49:39,2026-06-01 13:57:34,2026-06-01 14:07:45
ALT00349,F002,ICU,SpO2,70.0,%,High,Nurse_Nandini,2026-03-24 22:08:56,2026-03-24 22:16:33,2026-03-24 22:40:55
ALT00464,F003,General,HeartRate,88.5,bpm,Low,Nurse_Smitha,2026-02-05 19:08:27,2026-02-05 19:09:48,2026-02-05 19:47:05
ALT00326,F002,General,SpO2,97.7,%,Low,Nurse_Padma,2026-03-19 06:02:23,2026-03-19 06:11:56,2026-03-19 06:48:10
ALT00187,F002,General,RespiratoryRate,10.0,rpm,Medium,Nurse_Renu,2026-05-25 08:37:06,2026-05-25 08:43:27,2026-05-25 09:16:01
ALT00124,F002,ICU,SpO2,102.5,%,High,Nurse_Bindhu,2026-03-08 23:55:47,2026-03-09 00:02:07,2026-03-09 00:20:35
ALT00858,F001,CCU,Temperature,38.7,C,High,Nurse_Latha,2026-01-03 10:18:23,2026-01-03 10:26:01,2026-01-03 10:42:51
ALT00609,F002,General,Temperature,36.8,C,Low,Nurse_Padma,2026-01-18 14:26:07,2026-01-18 14:29:21,2026-01-18 14:57:02
ALT00144,F001,ICU,HeartRate,92.6,bpm,Low,Nurse_Priya,2026-06-09 14:32:52,2026-06-09 14:38:07,2026-06-09 14:44:24
ALT00964,F003,Pediatric,SpO2,82.7,%,Medium,Nurse_Pooja,2026-01-02 22:54:55,2026-01-02 23:04:02,2026-01-02 23:27:25
ALT00198,F002,ICU,RespiratoryRate,31.7,rpm,High,Nurse_Usha,2026-05-03 06:22:01,2026-05-03 06:30:06,2026-05-03 06:46:15
ALT00610,F003,General,RespiratoryRate,17.3,rpm,Low,Nurse_Vijaya,2026-01-21 22:20:57,2026-01-21 22:25:45,2026-01-21 22:48:46
ALT00280,F001,ICU,Temperature,36.4,C,Low,Nurse_Kavitha,2026-05-03 07:58:47,2026-05-03 08:07:44,2026-05-03 08:13:57
ALT00294,F002,General,BloodPressure,98.9,mmHg,Medium,Nurse_Padma,2026-04-09 15:50:24,2026-04-09 15:57:35,2026-04-09 16:08:17
ALT00401,F001,General,SpO2,97.7,%,Low,Nurse_Rekha,2026-03-05 22:12:41,2026-03-05 22:13:41,2026-03-05 22:13:43
ALT00123,F002,General,BloodPressure,133.9,mmHg,Low,Nurse_Renu,2026-02-26 15:28:12,2026-02-26 15:34:31,2026-02-26 15:51:50
ALT00184,F003,Pediatric,SpO2,95.3,%,Low,Nurse_Pooja,2026-06-18 15:15:56,2026-06-18 15:19:54,2026-06-18 15:45:17
ALT00203,F001,ICU,RespiratoryRate,14.5,rpm,Low,Nurse_Meena,2026-02-27 15:34:36,2026-02-27 15:38:50,2026-02-27 16:14:44
ALT00439,F001,ICU,RespiratoryRate,17.1,rpm,Low,Nurse_Kavitha,2026-02-23 14:29:21,2026-02-23 14:33:45,2026-02-23 14:45:15
ALT00247,F002,General,Temperature,37.1,C,Low,Nurse_Renu,2026-06-18 15:20:19,2026-06-18 15:28:56,2026-06-18 15:37:12
ALT00416,F002,General,HeartRate,83.0,bpm,Low,Nurse_Padma,2026-01-04 23:38:19,2026-01-04 23:45:09,2026-01-04 23:56:16
ALT00781,F002,General,RespiratoryRate,15.9,rpm,Low,Nurse_Renu,2026-03-19 07:45:08,2026-03-19 07:50:39,2026-03-19 07:59:30
ALT00983,F002,ICU,SpO2,97.0,%,Low,Nurse_Bindhu,2026-01-11 14:02:52,2026-01-11 14:11:52,2026-01-11 14:51:48
ALT00911,F003,Pediatric,HeartRate,123.1,bpm,High,Nurse_Lakshmi,2026-03-30 06:31:46,2026-03-30 06:38:57,
ALT00864,F001,General,HeartRate,60.1,bpm,Low,Nurse_Anita,2026-03-08 23:51:57,2026-03-09 00:01:21,2026-03-09 00:11:33
ALT00892,F001,CCU,HeartRate,93.2,bpm,Low,Nurse_Saritha,2026-06-06 23:57:08,2026-06-06 23:58:58,2026-06-07 00:35:31
ALT00130,F003,General,BloodPressure,220.0,mmHg,Low,Nurse_Hema,2026-05-01 06:23:12,2026-05-01 06:27:16,2026-05-01 06:59:05
ALT00638,F001,ICU,BloodPressure,126.7,mmHg,Low,Nurse_Meena,2026-03-11 22:16:01,2026-03-11 22:17:29,2026-03-11 22:55:04
ALT00403,F002,General,RespiratoryRate,33.8,rpm,High,Nurse_Padma,2026-06-20 11:06:24,2026-06-20 11:14:43,2026-06-20 11:39:50
ALT00789,F001,General,Temperature,36.6,C,Low,Nurse_Sunita,2026-04-20 22:50:58,2026-04-20 23:00:21,2026-04-20 23:37:56
ALT00775,F002,ICU,HeartRate,46.6,bpm,Medium,Nurse_Nandini,2026-06-22 06:39:30,2026-06-22 06:46:53,2026-06-22 07:14:07
ALT00736,F001,ICU,HeartRate,131.8,bpm,High,Nurse_Priya,2026-03-21 06:22:39,2026-03-21 06:28:10,2026-03-21 06:52:18
ALT00918,F001,ICU,SpO2,92.4,%,Medium,Nurse_Meena,2026-02-15 22:52:06,2026-02-15 22:57:52,2026-02-15 23:16:48
ALT00220,F002,General,HeartRate,73.0,bpm,Low,Nurse_Geetha,2026-01-05 06:38:05,2026-01-05 06:42:33,2026-01-05 06:57:46
ALT00642,F003,Pediatric,Temperature,39.6,C,High,Nurse_Pooja,2026-06-10 15:48:31,2026-06-10 15:57:50,2026-06-10 16:25:07
ALT00920,F001,General,SpO2,95.9,%,Low,Nurse_Anita,2026-05-24 03:26:03,2026-05-24 03:32:28,
ALT00757,F002,General,SpO2,95.2,%,Low,Nurse_Geetha,2026-04-18 15:49:49,2026-04-18 15:59:00,2026-04-18 16:11:00
ALT00811,F001,CCU,BloodPressure,127.3,mmHg,Low,Nurse_Latha,2026-02-02 14:07:48,2026-02-02 14:14:41,2026-02-02 14:22:45
ALT00924,F001,ICU,RespiratoryRate,18.2,rpm,Low,Nurse_Kavitha,2026-05-11 14:25:21,2026-05-11 14:30:47,2026-05-11 14:37:26
ALT00625,F001,ICU,SpO2,98.5,%,Low,Nurse_Kavitha,2026-03-27 14:01:29,2026-03-27 14:02:47,2026-03-27 14:33:40
ALT00843,F003,Pediatric,RespiratoryRate,13.9,rpm,Low,Nurse_Pooja,2026-05-14 22:33:54,2026-05-14 22:37:23,2026-05-14 23:02:50
ALT00765,F001,General,SpO2,75.4,%,High,Nurse_Sunita,2026-01-28 06:15:00,2026-01-28 06:24:31,2026-01-28 06:55:24
ALT00387,F001,ICU,Temperature,36.7,C,Low,Nurse_Priya,2026-04-14 23:32:42,2026-04-14 23:34:12,2026-04-14 23:48:14
ALT00978,F003,General,HeartRate,84.5,bpm,Low,Nurse_Vijaya,2026-06-26 14:09:43,2026-06-26 14:11:27,2026-06-26 14:35:45
ALT00510,F003,Pediatric,RespiratoryRate,16.6,rpm,Low,Nurse_Pooja,2026-04-27 07:52:10,2026-04-27 07:59:58,
ALT00268,F001,ICU,Temperature,36.7,C,Low,Nurse_Meena,2026-03-09 06:11:52,2026-03-09 06:13:17,2026-03-09 06:32:19
ALT00824,F001,ICU,HeartRate,126.6,bpm,High,Nurse_Meena,2026-01-15 07:19:53,2026-01-15 07:21:24,2026-01-15 07:52:25
ALT00442,F002,ICU,SpO2,102.5,%,Medium,Nurse_Bindhu,2026-04-13 18:46:21,2026-04-13 18:53:40,2026-04-13 19:07:37
ALT00497,F001,General,BloodPressure,82.8,mmHg,Medium,Nurse_Rekha,2026-05-12 14:09:43,2026-05-12 14:19:33,2026-05-12 14:42:37
ALT00113,F001,ICU,HeartRate,123.7,bpm,High,Nurse_Meena,2026-04-29 23:40:43,2026-04-29 23:46:30,2026-04-30 00:04:40
ALT00692,F003,Pediatric,BloodPressure,133.1,mmHg,Low,Nurse_Divya,2026-01-16 06:36:56,2026-01-16 06:40:43,2026-01-16 07:08:18
ALT00233,F003,General,Temperature,39.0,C,High,Nurse_Hema,2026-02-01 22:27:16,2026-02-01 22:31:55,2026-02-01 22:43:22
ALT00874,F001,ICU,RespiratoryRate,19.6,rpm,Low,Nurse_Kavitha,2026-06-17 06:33:54,2026-06-17 06:41:35,2026-06-17 07:00:36
ALT00608,F001,CCU,SpO2,97.0,%,Low,Nurse_Saritha,2026-04-22 14:20:45,2026-04-22 14:22:55,2026-04-22 14:40:44
ALT00672,F001,ICU,SpO2,97.7,%,Low,Nurse_Kavitha,2026-01-29 15:48:50,2026-01-29 15:50:43,2026-01-29 16:18:22
ALT00374,F001,CCU,SpO2,81.3,%,Medium,Nurse_Latha,2026-03-29 07:42:45,2026-03-29 07:49:19,2026-03-29 08:25:50
ALT00987,F002,ICU,SpO2,96.3,%,Low,Nurse_Bindhu,2026-06-26 00:34:11,2026-06-26 00:36:13,2026-06-26 00:58:41
ALT00847,F001,CCU,RespiratoryRate,19.8,rpm,Low,Nurse_Saritha,2026-05-06 06:36:15,2026-05-06 06:38:57,2026-05-06 07:12:28
ALT00234,F002,ICU,RespiratoryRate,17.6,rpm,Low,Nurse_Usha,2026-04-21 22:27:31,2026-04-21 22:30:22,2026-04-21 23:01:42
ALT00790,F003,General,BloodPressure,105.2,mmHg,Medium,Nurse_Hema,2026-03-11 06:35:20,2026-03-11 06:44:13,2026-03-11 07:16:41
ALT00677,F002,General,SpO2,95.5,%,Low,Nurse_Padma,2026-03-14 08:39:07,2026-03-14 08:46:48,2026-03-14 09:23:38
ALT00318,F003,Pediatric,RespiratoryRate,13.2,rpm,Low,Nurse_Divya,2026-05-08 23:55:30,2026-05-09 00:03:23,2026-05-09 00:39:53
ALT00649,F002,General,SpO2,95.3,%,Low,Nurse_Geetha,2026-05-14 22:24:57,2026-05-14 22:28:07,2026-05-14 23:00:05
ALT00411,F001,CCU,HeartRate,43.6,bpm,Medium,Nurse_Deepa,2026-03-10 14:39:44,2026-03-10 14:43:06,2026-03-10 14:57:32
ALT00903,F003,General,HeartRate,93.5,bpm,Low,Nurse_Hema,2026-02-21 01:10:15,2026-02-21 01:18:25,2026-02-21 01:37:56
ALT00710,F001,CCU,RespiratoryRate,16.2,rpm,Low,Nurse_Deepa,2026-05-15 22:54:18,2026-05-15 23:02:21,2026-05-15 23:14:04
ALT00359,F002,ICU,Temperature,37.2,C,Low,Nurse_Usha,2026-06-23 07:43:55,2026-06-23 07:51:32,2026-06-23 08:00:42
ALT00259,F001,CCU,HeartRate,58.1,bpm,Medium,Nurse_Saritha,2026-03-07 18:34:54,2026-03-07 18:42:50,2026-03-07 18:48:25
ALT00745,F002,General,SpO2,95.5,%,Low,Nurse_Geetha,2026-02-03 15:18:35,2026-02-03 15:24:18,2026-02-03 15:45:13
ALT00628,F001,CCU,HeartRate,49.3,bpm,Medium,Nurse_Saritha,2026-05-23 06:52:04,2026-05-23 06:59:42,2026-05-23 07:37:07
ALT00633,F003,General,HeartRate,85.1,bpm,Low,Nurse_Smitha,2026-06-20 15:49:54,2026-06-20 15:59:04,2026-06-20 16:38:09
ALT00283,F001,ICU,SpO2,99.0,%,Low,Nurse_Priya,2026-06-11 05:42:13,2026-06-11 05:47:59,2026-06-11 06:19:50
ALT00377,F001,CCU,RespiratoryRate,16.3,rpm,Low,Nurse_Deepa,2026-06-01 12:32:44,2026-06-01 12:36:06,2026-06-01 13:12:08
ALT00385,F003,General,Temperature,36.4,C,Low,Nurse_Hema,2026-06-08 07:04:16,2026-06-08 07:06:37,2026-06-08 07:17:08
ALT00225,F001,General,SpO2,97.8,%,Low,Nurse_Rekha,2026-01-21 22:34:43,2026-01-21 22:35:57,2026-01-21 23:06:25
ALT00959,F001,CCU,SpO2,96.5,%,Low,Nurse_Deepa,2026-04-04 06:30:00,2026-04-04 06:34:31,2026-04-04 07:11:56
ALT00948,F002,General,RespiratoryRate,14.4,rpm,Low,Nurse_Renu,2026-04-11 15:18:06,2026-04-11 15:23:11,2026-04-11 15:35:47
ALT00473,F003,Pediatric,BloodPressure,81.9,mmHg,Medium,Nurse_Lakshmi,2026-05-14 15:01:26,2026-05-14 15:10:46,
ALT00348,F001,CCU,Temperature,36.6,C,Low,Nurse_Deepa,2026-02-03 18:11:14,2026-02-03 18:19:16,2026-02-03 18:49:22
ALT00506,F001,General,SpO2,96.5,%,Low,Nurse_Rekha,2026-06-02 14:38:36,2026-06-02 14:43:15,2026-06-02 15:13:15
ALT00640,F001,CCU,HeartRate,155.1,bpm,High,Nurse_Deepa,2026-04-15 22:31:12,2026-04-15 22:33:23,2026-04-15 22:49:30
ALT00993,F002,General,HeartRate,51.6,bpm,Medium,Nurse_Padma,2026-04-29 15:52:24,2026-04-29 15:54:31,2026-04-29 16:19:24
ALT00933,F001,CCU,SpO2,94.1,%,Low,Nurse_Latha,2026-01-19 06:47:04,2026-01-19 06:52:13,2026-01-19 07:06:33
ALT00910,F003,General,SpO2,98.5,%,Low,Nurse_Smitha,2026-03-24 06:09:54,2026-03-24 06:11:44,2026-03-24 06:34:02
ALT00620,F003,Pediatric,SpO2,97.6,%,Low,Nurse_Divya,2026-04-10 03:03:01,2026-04-10 03:11:03,2026-04-10 03:18:00
ALT00860,F002,ICU,HeartRate,42.7,bpm,Medium,Nurse_Bindhu,2026-01-19 22:56:43,2026-01-19 22:57:43,2026-05-30 03:11:15
ALT00808,F003,General,RespiratoryRate,17.5,rpm,Low,Nurse_Smitha,2026-04-16 15:11:38,2026-04-16 15:13:29,2026-04-16 15:39:14
ALT00646,F003,General,SpO2,97.4,%,Low,Nurse_Vijaya,2026-05-02 20:14:41,2026-05-02 20:21:48,2026-05-02 20:40:36
ALT00851,F003,General,BloodPressure,139.2,mmHg,Low,Nurse_Hema,2026-01-21 21:55:06,2026-01-21 21:59:01,2026-01-21 22:37:09
ALT00557,F003,General,RespiratoryRate,19.0,rpm,Low,Nurse_Hema,2026-03-27 06:46:20,2026-03-27 06:49:34,2026-03-27 07:09:46
ALT00963,F001,CCU,SpO2,85.8,%,Medium,Nurse_Saritha,2026-01-07 03:14:27,2026-01-07 03:23:37,2026-01-07 03:41:02
ALT00578,F002,ICU,HeartRate,60.5,bpm,Low,Nurse_Usha,2026-03-06 15:23:00,2026-03-06 15:27:07,2026-03-06 15:42:54
ALT00796,F001,ICU,RespiratoryRate,30.8,rpm,High,Nurse_Meena,2026-03-08 04:37:26,2026-03-08 04:38:27,2026-03-08 04:45:37
ALT00086,F002,ICU,SpO2,97.4,%,Low,Nurse_Bindhu,2026-02-01 12:17:58,2026-02-01 12:23:27,2026-02-01 12:48:51
ALT00243,F001,CCU,Temperature,36.6,C,Low,Nurse_Latha,2026-05-05 01:03:25,2026-05-05 01:09:58,2026-05-05 01:42:26
ALT00699,F002,ICU,SpO2,96.8,%,Low,Nurse_Bindhu,2026-05-18 08:03:58,2026-05-18 08:04:58,2026-05-30 03:11:16
ALT00160,F002,General,RespiratoryRate,19.7,rpm,Low,Nurse_Renu,2026-04-26 23:34:31,2026-04-26 23:39:51,2026-04-27 00:13:01
ALT00525,F003,Pediatric,RespiratoryRate,13.7,rpm,Low,Nurse_Pooja,2026-05-19 15:46:19,2026-05-19 15:53:56,2026-05-19 16:11:01
ALT00036,F002,General,HeartRate,70.2,bpm,Low,Nurse_Padma,2026-04-20 15:57:20,2026-04-20 16:04:42,2026-04-20 16:09:46
ALT00541,F002,General,RespiratoryRate,13.7,rpm,Low,Nurse_Geetha,2026-01-07 23:02:27,2026-01-07 23:09:20,2026-01-07 23:32:39
ALT00171,F003,General,RespiratoryRate,2.0,rpm,Medium,Nurse_Hema,2026-01-10 22:40:15,,2026-01-10 23:18:26
ALT00655,F002,General,HeartRate,86.5,bpm,Low,Nurse_Padma,2026-02-15 22:01:45,2026-02-15 22:04:22,2026-02-15 22:15:45
ALT00895,F002,General,BloodPressure,83.3,mmHg,Medium,Nurse_Geetha,2026-01-28 07:31:13,2026-01-28 07:40:57,2026-01-28 08:00:10
ALT00862,F001,ICU,SpO2,98.6,%,Low,Nurse_Kavitha,2026-03-06 07:34:12,2026-03-06 07:43:29,2026-03-06 08:19:49
ALT00852,F001,ICU,BloodPressure,103.9,mmHg,Medium,Nurse_Kavitha,2026-06-11 06:40:37,2026-06-11 06:43:36,2026-06-11 07:22:23
ALT00949,F001,General,Temperature,36.5,C,Low,Nurse_Rekha,2026-01-01 06:03:23,2026-01-01 06:04:23,2026-04-12 15:32:19
ALT00734,F002,ICU,BloodPressure,135.3,mmHg,Low,Nurse_Nandini,2026-02-09 15:36:29,2026-02-09 15:39:47,2026-02-09 15:47:45
ALT00096,F001,ICU,SpO2,97.2,%,Low,Nurse_Meena,2026-06-09 22:14:40,2026-06-09 22:19:51,2026-06-09 22:49:23
ALT00564,F001,General,Temperature,35.8,C,Medium,Nurse_Sunita,2026-04-08 03:13:05,2026-04-08 03:21:55,2026-04-08 03:51:31
ALT00241,F001,CCU,SpO2,85.7,%,Medium,Nurse_Saritha,2026-04-08 13:37:38,2026-04-08 13:40:36,2026-04-08 14:00:29
ALT00743,F003,General,Temperature,39.6,C,High,Nurse_Vijaya,2026-04-13 06:35:04,2026-04-13 06:39:35,2026-04-13 06:57:56
ALT00575,F003,General,HeartRate,64.5,bpm,Low,Nurse_Hema,2026-05-12 03:18:32,2026-05-12 03:23:51,2026-05-12 03:30:15
ALT00691,F002,General,HeartRate,69.3,bpm,Low,Nurse_Geetha,2026-05-24 23:11:10,2026-05-24 23:15:43,2026-05-24 23:39:39
ALT00461,F002,General,SpO2,97.5,%,Low,Nurse_Renu,2026-03-28 22:40:25,2026-03-28 22:41:35,2026-03-28 23:06:59
ALT00554,F002,General,HeartRate,74.9,bpm,Low,Nurse_Geetha,2026-02-08 21:50:00,2026-02-08 21:55:07,2026-02-08 22:06:55
ALT00883,F002,ICU,SpO2,94.1,%,Low,Nurse_Bindhu,2026-04-13 01:00:42,2026-04-13 01:08:36,2026-04-13 01:24:26
ALT00207,F002,ICU,RespiratoryRate,31.7,rpm,High,Nurse_Usha,2026-01-07 02:07:07,2026-01-07 02:14:59,2026-01-07 02:34:25
ALT00393,F003,General,HeartRate,45.4,bpm,Medium,Nurse_Vijaya,2026-01-25 07:58:30,2026-01-25 08:07:23,2026-01-25 08:26:41
ALT00795,F001,CCU,Temperature,36.4,C,Low,Nurse_Latha,2026-06-23 07:14:28,2026-06-23 07:16:28,2026-06-23 07:33:23
ALT00398,F001,ICU,BloodPressure,117.9,mmHg,Low,Nurse_Priya,2026-03-26 21:36:31,,2026-03-26 22:07:10
ALT00767,F001,CCU,HeartRate,87.5,bpm,Low,Nurse_Deepa,2026-06-13 04:39:01,2026-06-13 04:46:30,2026-06-13 05:12:47
ALT00853,F003,General,SpO2,88.2,%,Medium,Nurse_Hema,2026-05-15 23:16:31,2026-05-15 23:22:29,2026-05-15 23:56:04
ALT00218,F002,General,SpO2,95.3,%,Low,Nurse_Geetha,2026-05-19 07:45:47,2026-05-19 07:50:12,2026-05-19 08:22:38
ALT00005,F003,General,RespiratoryRate,8.5,rpm,Medium,Nurse_Smitha,2026-06-05 15:40:33,2026-06-05 15:44:45,2026-06-05 16:13:13
ALT00769,F001,CCU,SpO2,94.4,%,Low,Nurse_Latha,2026-05-30 14:52:27,2026-05-30 14:59:58,2026-05-30 15:15:52
ALT00643,F001,ICU,HeartRate,64.6,bpm,Low,Nurse_Priya,2026-02-02 07:45:13,2026-02-02 07:54:17,2026-02-02 08:16:36
ALT00902,F001,General,HeartRate,96.3,bpm,Low,Nurse_Sunita,2026-03-05 02:39:04,2026-03-05 02:45:52,2026-03-05 03:18:19
ALT00613,F001,ICU,RespiratoryRate,8.3,rpm,Medium,Nurse_Kavitha,2026-06-29 07:39:13,2026-06-29 07:47:48,2026-06-29 07:56:07
ALT00739,F003,Pediatric,HeartRate,158.1,bpm,High,Nurse_Divya,2026-05-17 23:32:20,2026-05-17 23:41:07,
ALT00547,F001,ICU,RespiratoryRate,32.1,rpm,High,Nurse_Priya,2026-06-08 06:11:18,2026-06-08 06:17:38,2026-06-08 06:32:34
ALT00726,F001,ICU,Temperature,36.4,C,Low,Nurse_Priya,2026-03-07 06:35:12,2026-03-07 06:37:57,2026-03-07 07:03:27
ALT00684,F001,CCU,Temperature,36.3,C,Low,Nurse_Latha,2026-02-04 15:50:19,2026-02-04 15:55:09,2026-02-04 16:14:34
ALT00099,F001,General,SpO2,97.4,%,Low,Nurse_Rekha,2026-06-21 02:23:54,2026-06-21 02:29:48,2026-06-21 03:09:01
ALT00805,F003,General,HeartRate,146.0,bpm,High,Nurse_Smitha,2026-03-06 06:07:20,2026-03-06 06:13:40,2026-03-06 06:52:36
ALT00728,F001,ICU,SpO2,73.0,%,High,Nurse_Priya,2026-05-30 23:50:44,2026-05-30 23:53:37,2026-05-31 00:14:35
ALT00574,F002,General,SpO2,73.0,%,High,Nurse_Geetha,2026-01-01 18:33:05,2026-01-01 18:40:25,2026-01-01 19:02:01
ALT00407,F003,General,Temperature,36.4,C,Low,Nurse_Vijaya,2026-05-13 07:55:29,2026-05-13 08:04:00,2026-05-13 08:38:16
ALT00503,F002,General,RespiratoryRate,10.4,rpm,Medium,Nurse_Renu,2026-03-06 07:45:49,2026-03-06 07:47:31,2026-03-06 08:24:49
ALT00048,F003,Pediatric,HeartRate,68.8,bpm,Low,Nurse_Divya,2026-05-15 22:57:03,2026-05-15 23:01:59,2026-05-15 23:07:59
ALT00033,F003,General,HeartRate,61.5,bpm,Low,Nurse_Vijaya,2026-01-29 15:44:04,2026-01-29 15:49:19,2026-01-29 16:01:18
ALT00780,F001,CCU,HeartRate,152.7,bpm,High,Nurse_Deepa,2026-06-17 14:00:22,2026-06-17 14:01:23,2026-06-17 14:08:49
ALT00840,F002,General,SpO2,96.5,%,Low,Nurse_Renu,2026-04-24 14:27:56,2026-04-24 14:34:44,2026-04-24 14:50:23
ALT00201,F001,CCU,SpO2,97.8,%,Low,Nurse_Latha,2026-04-19 12:37:23,2026-04-19 12:44:54,2026-04-19 13:09:28
ALT00135,F003,General,BloodPressure,181.3,mmHg,High,Nurse_Vijaya,2026-01-10 14:35:00,2026-01-10 14:40:38,2026-01-10 14:50:00
ALT00028,F001,ICU,BloodPressure,128.1,mmHg,Low,Nurse_Kavitha,2026-01-21 22:09:06,2026-01-21 22:16:34,2026-01-21 22:28:41
ALT00885,F002,General,Temperature,39.5,C,High,Nurse_Padma,2026-05-18 07:07:32,2026-05-18 07:11:48,2026-05-18 07:26:50
ALT00231,F003,General,HeartRate,73.7,bpm,Low,Nurse_Smitha,2026-05-30 15:17:33,2026-05-30 15:25:37,2026-05-30 15:48:51
ALT00490,F003,Pediatric,Temperature,36.3,C,Low,Nurse_Pooja,2026-01-09 23:13:34,2026-01-09 23:17:06,2026-01-09 23:49:46
ALT00773,F001,ICU,RespiratoryRate,16.0,rpm,Low,Nurse_Meena,2026-03-26 07:00:47,2026-03-26 07:08:19,2026-03-26 07:30:31
ALT00379,F003,Pediatric,HeartRate,53.9,bpm,Medium,Nurse_Divya,2026-05-20 07:57:07,2026-05-20 08:00:44,2026-05-20 08:22:00
ALT00289,F003,Pediatric,SpO2,98.4,%,Low,Nurse_Divya,2026-02-27 02:39:51,2026-02-27 02:46:22,2026-02-27 03:03:52
ALT00419,F002,General,HeartRate,49.9,bpm,Medium,Nurse_Padma,2026-05-21 13:48:28,2026-05-21 13:53:31,2026-05-21 14:04:22
ALT00675,F002,General,Temperature,39.4,C,High,Nurse_Padma,2026-06-21 23:23:04,2026-06-21 23:30:59,2026-06-22 00:01:06
ALT00392,F002,General,Temperature,37.1,C,Low,Nurse_Padma,2026-06-07 11:14:27,2026-06-07 11:19:47,2026-06-07 11:51:42
ALT00593,F002,General,RespiratoryRate,12.8,rpm,Low,Nurse_Geetha,2026-06-13 14:42:47,2026-06-13 14:44:54,2026-06-13 15:10:58
ALT00499,F001,ICU,BloodPressure,127.3,mmHg,Low,Nurse_Priya,2026-04-04 16:53:44,2026-04-04 16:57:33,2026-04-04 17:33:46
ALT00139,F002,General,BloodPressure,129.2,mmHg,Low,Nurse_Geetha,2026-05-20 06:03:56,2026-05-20 06:10:33,2026-05-20 06:17:44
ALT00063,F001,CCU,HeartRate,97.8,bpm,Low,Nurse_Latha,2026-01-23 06:35:18,2026-01-23 06:42:02,2026-01-23 07:13:23
ALT00472,F002,General,HeartRate,66.6,bpm,Low,Nurse_Renu,2026-04-27 15:31:10,2026-04-27 15:34:12,2026-04-27 15:53:30
ALT00648,F001,CCU,HeartRate,58.2,bpm,Medium,Nurse_Saritha,2026-02-28 11:38:05,2026-02-28 11:44:12,2026-02-28 11:56:36
ALT00129,F002,ICU,SpO2,94.6,%,Low,Nurse_Nandini,2026-04-11 14:32:36,2026-04-11 14:39:55,2026-04-11 15:18:04
ALT00982,F001,CCU,SpO2,77.1,%,High,Nurse_Deepa,2026-02-10 21:11:01,2026-02-10 21:17:08,2026-02-10 21:56:49
ALT00521,F003,Pediatric,HeartRate,72.2,bpm,Low,Nurse_Pooja,2026-01-31 03:38:06,2026-01-31 03:46:10,2026-01-31 04:00:17
ALT00839,F002,ICU,BloodPressure,172.8,mmHg,High,Nurse_Bindhu,2026-01-22 14:12:32,2026-01-22 14:19:05,2026-01-22 14:27:16
ALT00968,F002,General,RespiratoryRate,10.2,rpm,Medium,Nurse_Padma,2026-05-17 18:48:29,2026-05-17 18:51:36,2026-05-17 19:28:06
ALT00065,F002,ICU,SpO2,71.1,%,High,Nurse_Bindhu,2026-01-27 14:05:00,2026-01-27 14:12:53,2026-01-27 14:39:06
ALT00813,F002,General,BloodPressure,137.3,mmHg,Low,Nurse_Renu,2026-04-07 15:44:20,2026-04-07 15:54:18,2026-04-07 16:20:31
ALT00015,F002,General,SpO2,89.3,%,Medium,Nurse_Geetha,2026-06-17 04:54:22,2026-06-17 04:58:58,2026-06-17 05:27:28
ALT00157,F002,ICU,SpO2,72.0,%,High,Nurse_Bindhu,2026-04-04 07:20:04,2026-04-04 07:29:36,2026-04-04 07:52:45
ALT00041,F001,ICU,SpO2,97.1,%,Low,Nurse_Priya,2026-02-14 06:29:11,2026-02-14 06:31:56,2026-02-14 07:01:18
ALT00493,F003,Pediatric,HeartRate,50.5,bpm,Medium,Nurse_Divya,2026-01-11 22:46:58,2026-01-11 22:48:08,2026-01-11 23:13:21
ALT00380,F001,CCU,RespiratoryRate,9.8,rpm,Medium,Nurse_Deepa,2026-04-30 06:46:15,2026-04-30 06:48:45,2026-04-30 07:11:45
ALT00188,F002,General,RespiratoryRate,16.6,rpm,Low,Nurse_Geetha,2026-06-15 22:57:49,2026-06-15 22:50:49,2026-06-15 23:16:39
ALT00764,F003,General,RespiratoryRate,17.9,rpm,Low,Nurse_Smitha,2026-04-21 22:37:34,2026-04-21 22:45:23,2026-04-21 23:12:05
ALT00217,F003,Pediatric,RespiratoryRate,13.8,rpm,Low,Nurse_Lakshmi,2026-04-25 03:24:40,2026-04-25 03:30:38,2026-04-25 03:48:47
ALT00792,F002,ICU,SpO2,81.2,%,Medium,Nurse_Bindhu,2026-02-08 02:17:18,2026-02-08 02:22:12,2026-02-08 02:52:16
ALT00053,F002,ICU,SpO2,97.4,%,Low,Nurse_Bindhu,2026-06-23 06:59:37,2026-06-23 07:09:14,2026-06-23 07:28:07
ALT00879,F003,General,Temperature,37.0,C,Low,Nurse_Vijaya,2026-03-15 07:28:40,2026-03-15 07:31:01,2026-03-15 07:56:34
ALT00338,F001,General,HeartRate,95.4,bpm,Low,Nurse_Rekha,2026-02-18 15:51:08,2026-02-18 15:53:38,2026-02-18 16:03:16
ALT00749,F002,ICU,BloodPressure,170.4,mmHg,High,Nurse_Usha,2026-01-17 09:33:48,2026-01-17 09:42:23,2026-01-17 10:15:07
ALT00720,F001,CCU,Temperature,35.4,C,Medium,Nurse_Deepa,2026-04-25 15:30:40,2026-04-25 15:33:52,2026-04-25 16:06:45
ALT00725,F001,ICU,SpO2,97.7,%,Low,Nurse_Meena,2026-02-10 22:13:06,2026-02-10 22:22:40,2026-02-10 22:39:16
ALT00296,F003,General,RespiratoryRate,12.2,rpm,Low,Nurse_Vijaya,2026-04-17 22:12:43,2026-04-17 22:22:11,2026-04-17 22:32:58
ALT00702,F002,General,RespiratoryRate,17.6,rpm,Low,Nurse_Geetha,2026-01-30 06:19:06,2026-01-30 06:27:34,2026-01-30 06:57:57
ALT00252,F002,ICU,SpO2,96.2,%,Low,Nurse_Bindhu,2026-02-08 22:14:46,2026-02-08 22:15:50,2026-02-08 22:32:52
ALT00727,F001,ICU,Temperature,37.0,C,Low,Nurse_Priya,2026-02-05 14:46:14,2026-02-05 14:49:27,2026-02-05 15:01:18
ALT00462,F001,ICU,RespiratoryRate,12.4,rpm,Low,Nurse_Priya,2026-02-21 02:56:18,2026-02-21 03:03:12,2026-02-21 03:08:29
ALT00456,F001,General,RespiratoryRate,9.4,rpm,Medium,Nurse_Anita,2026-03-20 05:00:05,2026-03-20 05:02:52,2026-03-20 05:21:42
ALT00176,F001,ICU,HeartRate,97.0,bpm,Low,Nurse_Kavitha,2026-01-08 13:43:45,2026-01-08 13:50:32,2026-01-08 14:21:41
ALT00816,F002,ICU,RespiratoryRate,8.6,rpm,Medium,Nurse_Usha,2026-05-12 21:09:20,2026-05-12 21:13:40,2026-05-12 21:41:41
ALT00863,F001,CCU,RespiratoryRate,17.3,rpm,Low,Nurse_Saritha,2026-04-18 22:19:17,2026-04-18 22:23:00,2026-04-18 22:56:37
ALT00270,F003,General,HeartRate,9.0,bpm,Low,Nurse_Hema,2026-06-12 01:54:54,2026-06-12 01:59:35,2026-06-12 02:12:44
ALT00202,F003,Pediatric,HeartRate,100.0,bpm,Low,Nurse_Pooja,2026-06-22 07:47:31,2026-06-22 07:52:49,2026-06-22 08:06:19
ALT00162,F003,Pediatric,Temperature,36.2,C,Low,Nurse_Lakshmi,2026-05-17 06:20:21,2026-05-17 06:25:24,2026-05-17 06:35:20
ALT00556,F001,ICU,SpO2,96.8,%,Low,Nurse_Meena,2026-06-21 11:55:25,2026-06-21 11:58:29,2026-06-21 12:17:54
ALT00730,F003,General,BloodPressure,167.3,mmHg,High,Nurse_Hema,2026-03-10 22:27:16,2026-03-10 22:28:41,
ALT00402,F003,Pediatric,HeartRate,76.2,bpm,Low,Nurse_Pooja,2026-06-23 22:12:09,2026-06-23 22:13:12,2026-06-23 22:24:19
ALT00703,F003,General,BloodPressure,188.4,mmHg,High,Nurse_Hema,2026-04-01 20:49:24,2026-04-01 20:56:07,2026-04-01 21:35:24
ALT00477,F002,ICU,SpO2,97.9,%,Low,Nurse_Nandini,2026-05-30 23:32:23,2026-05-30 23:41:50,2026-05-31 00:11:12
ALT00822,F003,Pediatric,HeartRate,78.3,bpm,Low,Nurse_Divya,2026-05-20 22:55:17,2026-05-20 23:00:15,2026-05-20 23:17:38
ALT00772,F002,ICU,Temperature,36.6,C,Low,Nurse_Nandini,2026-04-18 23:11:31,2026-04-18 23:16:36,2026-04-18 23:34:44
ALT00106,F001,CCU,SpO2,97.0,%,Low,Nurse_Latha,2026-04-16 08:46:31,2026-04-16 08:50:10,2026-04-16 09:12:52
ALT00566,F002,General,Temperature,40.1,C,High,Nurse_Padma,2026-04-22 18:30:34,2026-04-22 18:40:02,2026-04-22 18:47:20
ALT00390,F002,ICU,HeartRate,49.6,bpm,Medium,Nurse_Nandini,2026-03-11 07:33:43,2026-03-11 07:38:29,2026-03-11 07:48:43
ALT00002,F001,CCU,SpO2,95.1,%,Low,Nurse_Latha,2026-01-05 23:44:07,2026-01-05 23:50:25,2026-01-06 00:23:45
ALT00942,F001,CCU,SpO2,72.3,%,High,Nurse_Saritha,2026-03-23 11:18:09,2026-03-23 11:23:32,2026-03-23 11:41:17
ALT00988,F001,General,SpO2,96.5,%,Low,Nurse_Rekha,2026-05-29 14:54:45,2026-05-29 15:03:31,2026-05-29 15:21:59
ALT00562,F001,General,HeartRate,68.3,bpm,Low,Nurse_Rekha,2026-05-06 15:35:51,2026-05-06 15:43:00,2026-05-06 16:09:43
ALT00081,F002,General,HeartRate,42.9,bpm,Medium,Nurse_Padma,2026-06-27 21:56:54,2026-06-27 22:06:35,2026-06-27 22:16:00
ALT00206,F003,Pediatric,HeartRate,88.8,bpm,Low,Nurse_Pooja,2026-01-31 06:46:09,2026-01-31 06:51:33,2026-01-31 07:28:38
ALT00035,F003,Pediatric,HeartRate,9.0,bpm,Low,Nurse_Lakshmi,2026-01-21 18:16:34,2026-01-21 18:19:58,
ALT00776,F001,General,HeartRate,52.0,bpm,Medium,Nurse_Rekha,2026-05-13 06:58:09,2026-05-13 06:54:09,2026-05-13 06:59:11
ALT00509,F001,CCU,Temperature,36.5,C,Low,Nurse_Saritha,2026-02-28 15:11:00,2026-02-28 15:17:23,2026-02-28 15:46:22
ALT00428,F003,Pediatric,Temperature,36.8,C,Low,Nurse_Lakshmi,2026-06-03 14:07:32,2026-06-03 14:10:59,2026-06-03 14:37:47
ALT00455,F002,ICU,Temperature,36.5,C,Low,Nurse_Bindhu,2026-03-19 17:57:43,2026-03-19 17:58:43,2026-03-22 15:25:57
ALT00367,F002,ICU,BloodPressure,133.8,mmHg,Low,Nurse_Bindhu,2026-03-24 06:04:10,2026-03-24 06:10:12,2026-03-24 06:35:19
ALT00092,F003,General,SpO2,82.3,%,Medium,Nurse_Hema,2026-03-07 14:20:01,2026-03-07 14:22:13,2026-03-07 14:46:06
ALT00340,F003,General,BloodPressure,117.8,mmHg,Low,Nurse_Vijaya,2026-06-15 15:28:09,2026-06-15 15:31:59,2026-06-15 16:01:38
ALT00898,F003,General,SpO2,102.5,%,Low,Nurse_Hema,2026-03-31 20:14:40,2026-03-31 20:23:07,2026-03-31 20:43:01
ALT00565,F003,Pediatric,Temperature,36.5,C,Low,Nurse_Pooja,2026-06-11 15:17:14,2026-06-11 15:22:18,2026-06-11 15:44:51
ALT00346,F001,CCU,Temperature,35.1,C,Medium,Nurse_Latha,2026-03-27 03:56:15,2026-03-27 04:04:05,2026-03-27 04:16:50
ALT00777,F001,General,RespiratoryRate,8.0,rpm,Medium,Nurse_Anita,2026-01-27 22:42:37,2026-01-27 22:50:33,2026-01-27 23:18:07
ALT00242,F002,ICU,Temperature,35.1,C,Medium,Nurse_Nandini,2026-06-07 14:22:42,2026-06-07 14:31:29,2026-06-07 14:40:36
ALT00014,F001,CCU,RespiratoryRate,13.0,rpm,Low,Nurse_Saritha,2026-05-27 21:13:13,2026-05-27 21:20:09,2026-05-27 21:58:18
ALT00316,F001,General,Temperature,36.8,C,Low,Nurse_Rekha,2026-03-24 14:43:17,2026-03-24 14:49:32,2026-03-24 14:54:48
ALT00601,F003,General,Temperature,35.4,C,Medium,Nurse_Smitha,2026-03-07 07:38:37,2026-03-07 07:41:43,2026-03-07 08:01:35
ALT00388,F003,General,SpO2,71.9,%,High,Nurse_Hema,2026-05-12 00:50:56,2026-05-12 00:57:24,2026-05-12 01:18:54
ALT00274,F003,Pediatric,HeartRate,51.1,bpm,Medium,Nurse_Pooja,2026-03-23 07:08:50,2026-03-23 07:11:14,2026-03-23 07:21:59
ALT00167,F003,Pediatric,SpO2,97.0,%,Low,Nurse_Pooja,2026-05-24 14:48:21,2026-05-24 14:52:58,2026-05-24 14:59:22
ALT00841,F001,General,HeartRate,62.1,bpm,Low,Nurse_Anita,2026-03-17 06:11:49,2026-03-17 06:19:32,2026-03-17 06:31:57
ALT00998,F002,ICU,Temperature,36.2,C,Low,Nurse_Usha,2026-02-12 22:28:25,2026-02-12 22:31:15,2026-02-12 22:56:13
ALT00647,F003,Pediatric,RespiratoryRate,17.0,rpm,Low,Nurse_Lakshmi,2026-01-06 23:42:16,2026-01-06 23:45:41,2026-01-07 00:13:43
ALT00819,F003,Pediatric,HeartRate,51.2,bpm,Medium,Nurse_Lakshmi,2026-05-21 22:46:33,2026-05-21 22:54:48,2026-05-21 23:03:09
ALT00485,F003,General,SpO2,87.4,%,Medium,Nurse_Hema,2026-02-21 04:31:26,2026-02-21 04:37:29,2026-02-21 05:16:19
ALT00986,F003,Pediatric,SpO2,86.8,%,Medium,Nurse_Pooja,2026-01-15 02:53:13,2026-01-15 02:56:58,2026-01-15 03:21:19
ALT00505,F002,General,BloodPressure,135.8,mmHg,Low,Nurse_Padma,2026-02-03 00:05:06,2026-02-03 00:09:02,2026-02-03 00:31:06
ALT00832,F001,General,RespiratoryRate,8.3,rpm,Medium,Nurse_Rekha,2026-02-23 07:34:39,2026-02-23 07:39:36,2026-02-23 08:13:59
ALT00244,F003,Pediatric,Temperature,36.7,C,Low,Nurse_Divya,2026-02-20 14:45:14,2026-02-20 14:54:48,2026-02-20 15:17:48
ALT00567,F002,ICU,BloodPressure,113.4,mmHg,Low,Nurse_Nandini,2026-06-11 06:06:34,2026-06-11 06:08:53,2026-06-11 06:19:09
ALT00876,F001,General,SpO2,84.4,%,Medium,Nurse_Sunita,2026-02-18 14:38:08,2026-02-18 14:41:18,2026-02-18 14:52:00
ALT00563,F003,Pediatric,HeartRate,67.0,bpm,Low,Nurse_Lakshmi,2026-01-20 22:02:31,2026-01-20 22:08:33,2026-01-20 22:15:54
ALT00687,F002,ICU,BloodPressure,171.1,mmHg,High,Nurse_Usha,2026-02-08 23:10:56,2026-02-08 23:20:30,2026-02-08 23:46:34
ALT00958,F001,CCU,HeartRate,120.3,bpm,High,Nurse_Latha,2026-06-03 14:46:40,2026-06-03 14:52:02,2026-06-03 15:21:06
ALT00190,F002,General,SpO2,94.4,%,Low,Nurse_Renu,2026-01-04 06:47:54,2026-01-04 06:52:42,2026-01-04 07:22:13
ALT00783,F001,CCU,BloodPressure,110.9,mmHg,Low,Nurse_Deepa,2026-01-15 06:17:42,2026-01-15 06:20:48,2026-01-15 06:42:47
ALT00700,F003,General,RespiratoryRate,34.6,rpm,High,Nurse_Vijaya,2026-04-08 07:34:59,2026-04-08 07:40:58,2026-04-08 07:47:26
ALT00476,F002,ICU,RespiratoryRate,9.4,rpm,Medium,Nurse_Bindhu,2026-02-22 14:49:41,2026-02-22 14:50:41,2026-02-22 14:50:43
ALT00682,F001,CCU,SpO2,92.9,%,Medium,Nurse_Deepa,2026-03-23 13:35:44,2026-03-23 13:41:50,2026-03-23 14:18:08
ALT00511,F002,General,Temperature,36.3,C,Low,Nurse_Renu,2026-02-22 11:17:38,2026-02-22 11:26:32,2026-02-22 11:42:01
ALT00059,F001,ICU,HeartRate,79.0,bpm,Low,Nurse_Priya,2026-02-13 22:48:29,2026-02-13 22:55:53,2026-02-13 23:16:34
ALT00475,F002,ICU,Temperature,39.5,C,High,Nurse_Usha,2026-01-20 06:56:46,2026-01-20 07:01:20,2026-01-20 07:32:04
ALT00561,F003,Pediatric,Temperature,37.0,C,Low,Nurse_Lakshmi,2026-05-23 15:45:22,2026-05-23 15:47:00,2026-05-23 16:23:17
ALT00857,F001,ICU,Temperature,37.0,C,Low,Nurse_Meena,2026-01-18 06:52:00,2026-01-18 07:01:24,2026-01-18 07:11:02
ALT00748,F002,General,RespiratoryRate,18.5,rpm,Low,Nurse_Geetha,2026-01-02 06:52:18,2026-01-02 06:58:02,2026-01-02 07:34:53
ALT00253,F003,General,SpO2,95.6,%,Low,Nurse_Vijaya,2026-01-13 23:51:41,2026-01-14 00:00:37,2026-01-14 00:10:25
ALT00022,F002,General,Temperature,36.9,C,Low,Nurse_Renu,2026-06-22 07:36:43,2026-06-22 07:39:07,2026-06-22 07:54:30
ALT00314,F002,ICU,SpO2,96.0,%,Low,Nurse_Bindhu,2026-04-27 12:40:52,2026-04-27 12:42:02,2026-04-27 13:14:21
ALT00460,F003,Pediatric,SpO2,96.4,%,Low,Nurse_Lakshmi,2026-03-03 18:55:56,2026-03-03 18:59:55,2026-03-03 19:30:49
ALT00161,F001,ICU,RespiratoryRate,16.9,rpm,Low,Nurse_Meena,2026-01-11 15:29:27,2026-01-11 15:33:16,2026-01-11 16:03:24
ALT00277,F002,General,SpO2,81.8,%,Medium,Nurse_Renu,2026-05-15 15:06:56,2026-05-15 15:08:02,2026-05-15 15:42:06
ALT00956,F001,ICU,HeartRate,63.9,bpm,Low,Nurse_Kavitha,2026-05-30 09:08:35,2026-05-30 09:12:12,2026-05-30 09:34:03
ALT00192,F002,General,BloodPressure,83.9,mmHg,Medium,Nurse_Padma,2026-01-15 10:40:47,2026-01-15 10:49:32,2026-01-15 10:58:41
ALT00386,F003,General,RespiratoryRate,15.8,rpm,Low,Nurse_Vijaya,2026-05-27 00:15:56,2026-05-27 00:18:50,2026-05-27 00:29:29
ALT00806,F002,ICU,RespiratoryRate,31.5,rpm,High,Nurse_Bindhu,2026-02-13 23:38:43,2026-02-13 23:43:06,2026-02-14 00:12:18
ALT00414,F001,General,Temperature,36.9,C,Low,Nurse_Sunita,2026-06-29 04:49:36,2026-06-29 04:57:40,2026-06-29 05:13:10
ALT00492,F003,Pediatric,Temperature,36.8,C,Low,Nurse_Pooja,2026-05-24 12:08:20,2026-05-24 12:17:21,
ALT00344,F002,General,SpO2,80.2,%,Medium,Nurse_Geetha,2026-06-04 06:31:55,2026-06-04 06:36:33,2026-06-04 06:42:48
ALT00770,F001,ICU,Temperature,37.0,C,Low,Nurse_Meena,2026-02-14 15:40:52,2026-02-14 15:46:12,2026-02-14 16:24:29
ALT00309,F003,General,SpO2,87.9,%,Medium,Nurse_Vijaya,2026-06-25 14:17:40,2026-06-25 14:19:28,2026-06-25 14:39:56
ALT00662,F003,General,RespiratoryRate,10.9,rpm,Medium,Nurse_Vijaya,2026-01-02 10:01:00,2026-01-02 10:09:39,2026-01-02 10:40:26
ALT00131,F003,General,SpO2,96.7,%,Low,Nurse_Smitha,2026-02-23 05:49:18,2026-02-23 05:56:57,
ALT00664,F002,General,Temperature,38.7,C,High,Nurse_Renu,2026-02-26 23:26:21,2026-02-26 23:32:57,2026-02-27 00:00:34
ALT00872,F001,CCU,HeartRate,85.8,bpm,Low,Nurse_Latha,2026-06-20 23:21:05,2026-06-20 23:22:12,2026-06-20 23:31:05
ALT00100,F001,ICU,HeartRate,68.5,bpm,Low,Nurse_Priya,2026-06-20 19:43:35,2026-06-20 19:50:21,2026-06-20 20:29:20
ALT00373,F001,CCU,SpO2,74.2,%,High,Nurse_Deepa,2026-06-03 05:59:41,2026-06-03 06:05:38,2026-06-03 06:20:49
ALT00088,F003,Pediatric,BloodPressure,119.1,mmHg,Low,Nurse_Divya,2026-06-23 03:57:56,2026-06-23 04:07:55,2026-06-23 04:42:47
ALT00459,F001,ICU,SpO2,97.7,%,Low,Nurse_Priya,2026-05-04 23:54:06,2026-05-04 23:57:17,2026-05-05 00:24:02
ALT00331,F002,ICU,RespiratoryRate,12.9,rpm,Low,Nurse_Usha,2026-01-20 11:03:00,2026-01-20 11:08:00,2026-01-20 11:17:19
ALT00215,F001,ICU,HeartRate,95.9,bpm,Low,Nurse_Meena,2026-02-13 06:50:23,2026-02-13 06:54:22,2026-02-13 07:25:49
ALT00467,F003,General,RespiratoryRate,15.6,rpm,Low,Nurse_Vijaya,2026-02-13 14:58:31,2026-02-13 15:00:42,2026-02-13 15:28:32
ALT00122,F003,General,RespiratoryRate,16.5,rpm,Low,Nurse_Smitha,2026-06-21 05:34:55,2026-06-21 05:41:08,
ALT00615,F002,General,HeartRate,95.2,bpm,Low,Nurse_Renu,2026-04-03 18:23:42,2026-04-03 18:30:21,2026-04-03 18:53:25
ALT00021,F003,General,SpO2,95.9,%,Low,Nurse_Smitha,2026-03-15 15:57:31,2026-03-15 16:07:23,2026-03-15 16:21:40
ALT00701,F003,Pediatric,Temperature,37.0,C,Low,Nurse_Divya,2026-06-24 15:17:36,2026-06-24 15:22:01,2026-06-24 15:39:19
ALT00072,F002,ICU,Temperature,39.4,C,High,Nurse_Nandini,2026-04-04 14:11:25,2026-04-04 14:19:45,2026-04-04 14:58:40
ALT00107,F003,General,HeartRate,44.1,bpm,Medium,Nurse_Hema,2026-04-28 03:57:35,2026-04-28 04:02:39,2026-04-28 04:15:39
ALT00271,F003,General,HeartRate,53.8,bpm,Medium,Nurse_Vijaya,2026-01-01 06:18:57,2026-01-01 06:20:53,2026-01-01 06:44:26
ALT00861,F001,CCU,HeartRate,95.4,bpm,Low,Nurse_Saritha,2026-02-10 15:49:14,2026-02-10 15:57:38,2026-02-10 16:06:34
ALT00436,F003,General,RespiratoryRate,15.9,rpm,Low,Nurse_Smitha,2026-03-05 22:50:10,2026-03-05 22:54:01,2026-03-05 23:18:34
ALT00103,F003,General,SpO2,86.8,%,Medium,Nurse_Hema,2026-02-28 06:08:33,2026-02-28 06:16:16,2026-02-28 06:37:56
